sim,exp,Sub,success,AIC,RMSE,q1_true,q1_recovered,q2_true,q2_recovered,q3_true,q3_recovered,lambda_true,lambda_recovered,r_base_true,r_base_recovered,d0_true,d0_recovered,alpha_d0_true,alpha_d0_recovered,alpha_q1_true,alpha_q1_recovered
0,1,26578,True,-140.8914493610821,0.1637825295555791,0.1391490758556108,4.618011918876748,0.0011148414080011,7.3798036160981275e-09,1.3747475022953298e-07,0.4327806293506995,0.6961009010096342,3.761095005688545e-08,0.1001833477225002,6.19841578751691,0.2089811365739912,0.165825079075382,-0.0011484872148114,0.0502580728994742,-0.1965690893993753,1.188541933592629
1,1,26578,True,-97.59030497063262,0.1824094340538791,0.1391490758556108,19.919420744816694,0.0011148414080011,0.3012784754831158,1.3747475022953298e-07,1.3180974451295089,0.6961009010096342,4.0754756435378785e-09,0.1001833477225002,5.969609883569265,0.2089811365739912,0.2117209986231518,-0.0011484872148114,0.0493583967740626,-0.1965690893993753,-2.029906603790524
2,1,26578,True,-92.04546200483088,0.1849428650471673,0.1391490758556108,11.561221711693277,0.0011148414080011,0.0029131942444238,1.3747475022953298e-07,4.999213080266892,0.6961009010096342,0.148982104482324,0.1001833477225002,9.989983542045907,0.2089811365739912,0.1484754166845085,-0.0011484872148114,0.0507319719517206,-0.1965690893993753,0.4257170958123401
3,1,26578,True,-134.3627104508621,0.1664641802456404,0.1391490758556108,2.4903225500475594,0.0011148414080011,6.356588600206536e-13,1.3747475022953298e-07,0.2147874997297063,0.6961009010096342,0.8869502401295407,0.1001833477225002,0.972175446366031,0.2089811365739912,0.1999347187096871,-0.0011484872148114,-0.0151513590531152,-0.1965690893993753,-1.1276416907413298
4,1,26578,True,-96.9269171648609,0.1827106979696239,0.1391490758556108,0.2286519141432375,0.0011148414080011,0.0014318691802193,1.3747475022953298e-07,7.428697040126516e-08,0.6961009010096342,0.5596109050540378,0.1001833477225002,0.1003654081347557,0.2089811365739912,0.2429067302560968,-0.0011484872148114,-0.0496187604087869,-0.1965690893993753,-0.478493977620681
0,1,109550,True,-199.43850481395305,0.1459249657052204,0.0245013347566697,0.0841972988004142,0.0001757165159732,0.0001910336383715,1.0199825610974314e-08,1.6096709417731937e-07,0.5099863161934735,0.850024244019226,0.100000000347949,0.1000021423518464,0.1569314255957646,0.1988354492421972,-0.0610936886383912,-0.1441736820499653,-1.3907040330162748,-4.999999555871646
1,1,109550,True,-227.66838824057223,0.1365683502983974,0.0245013347566697,0.0087270647537728,0.0001757165159732,6.241310359393242e-05,1.0199825610974314e-08,6.747985143253045e-09,0.5099863161934735,0.8703838940099639,0.100000000347949,0.1000000578963267,0.1569314255957646,0.1354056636350466,-0.0610936886383912,-0.0467624696998399,-1.3907040330162748,-2.2458923177012995
2,1,109550,True,-157.7539302472261,0.1609258452030214,0.0245013347566697,0.106296259262622,0.0001757165159732,0.000533351159949,1.0199825610974314e-08,0.0182697867122135,0.5099863161934735,0.2362277945177627,0.100000000347949,0.1880036780068436,0.1569314255957646,0.1794366153776025,-0.0610936886383912,-0.1096685244731597,-1.3907040330162748,-4.51716328418008
3,1,109550,True,-197.1429763582489,0.1467134141826839,0.0245013347566697,0.0098027352689872,0.0001757165159732,0.000411532345303,1.0199825610974314e-08,0.0004964898314155,0.5099863161934735,0.5317465405412717,0.100000000347949,0.1386865764300948,0.1569314255957646,0.2151079438021794,-0.0610936886383912,-0.1757808738146417,-1.3907040330162748,0.1251683735030135
4,1,109550,True,-179.64656745543053,0.1528645909300735,0.0245013347566697,0.0104137586326974,0.0001757165159732,0.000192841750568,1.0199825610974314e-08,9.93420040020946e-11,0.5099863161934735,0.7090429152525803,0.100000000347949,0.1264542813993555,0.1569314255957646,0.1350243169221863,-0.0610936886383912,-0.0209709086331213,-1.3907040330162748,-0.3434344898568904
0,1,199724,True,-181.58743091785067,0.1521697212970807,4.68908428954558,3.3270981105974045,0.0191700091978914,0.01021235778702,2.009842164073141,1.1166938005504126,0.3878976335298716,0.2163765413420083,9.991601043983245,9.999642331196643,0.13344288969646,0.1103599105158442,0.0271336809767841,0.0529442629393956,-4.98771853909512,-1.0396811205610257
1,1,199724,True,-209.1304971150201,0.1426424857921305,4.68908428954558,2.323811465985905,0.0191700091978914,0.0122433819745557,2.009842164073141,0.4072132067413578,0.3878976335298716,0.541668134877061,9.991601043983245,9.99760992084683,0.13344288969646,0.0824757764487047,0.0271336809767841,0.1086297683810024,-4.98771853909512,-0.2435775918977467
2,1,199724,True,-222.07838589311956,0.1383722192848067,4.68908428954558,4.493992002296555,0.0191700091978914,0.0381770593605272,2.009842164073141,0.0786318204472628,0.3878976335298716,0.8042063117513034,9.991601043983245,9.99920806232311,0.13344288969646,0.1517109688884712,0.0271336809767841,-0.0002579303783333,-4.98771853909512,-1.545664150053682
3,1,199724,True,-206.58681335034524,0.1434967646692333,4.68908428954558,6.138240186860188,0.0191700091978914,0.0067617720689124,2.009842164073141,3.1704039149716405,0.3878976335298716,0.0448247828664508,9.991601043983245,9.96973755819762,0.13344288969646,0.1543307236776997,0.0271336809767841,0.0153485708219712,-4.98771853909512,-4.5240704066634425
4,1,199724,True,-189.06861769861808,0.1495207253147954,4.68908428954558,4.701101968100539,0.0191700091978914,5.1837031937576166e-08,2.009842164073141,1.7753082505942954,0.3878976335298716,0.4045205307472805,9.991601043983245,9.999963831776366,0.13344288969646,0.1853219241025997,0.0271336809767841,-0.0289519409936522,-4.98771853909512,-4.999742063092902
0,1,241220,True,26.05722585977524,0.2484603137637964,3.9972234207688127,0.1452293772090721,0.1943840493552507,0.0040206652636658,0.0735298066944232,7.237531462519283e-05,2.2029972854438733e-07,9.27470744857482e-13,9.422671483818952,0.4372078161225714,-0.0637954528180316,-0.1047240528641273,-0.1913596327299467,-0.0630902706794296,3.658181542774514,4.99999996655468
1,1,241220,True,33.61396574478197,0.2534506899660347,3.9972234207688127,0.0771124097196556,0.1943840493552507,0.0070927636594115,0.0735298066944232,8.652969374754074e-05,2.2029972854438733e-07,0.7188815403406703,9.422671483818952,0.2355086808753712,-0.0637954528180316,-0.0306048532355543,-0.1913596327299467,-0.2109464849818645,3.658181542774514,4.785900748626976
2,1,241220,True,6.298423802067699,0.2358712916991045,3.9972234207688127,0.0135096304635539,0.1943840493552507,0.0413359290299211,0.0735298066944232,9.254633714221783e-05,2.2029972854438733e-07,0.9999999867041488,9.422671483818952,0.1080582038720194,-0.0637954528180316,0.0232739133850773,-0.1913596327299467,-0.3264307819541562,3.658181542774514,4.999952645919126
3,1,241220,True,32.87703275036297,0.2529596500038261,3.9972234207688127,1.433956550825886,0.1943840493552507,0.8569944082628402,0.0735298066944232,0.1262587239358596,2.2029972854438733e-07,0.9999793990662054,9.422671483818952,2.923593039229514,-0.0637954528180316,-0.0340235505461005,-0.1913596327299467,-0.1898545357715286,3.658181542774514,2.406470565484472
4,1,241220,True,39.515199237599774,0.2574173889540637,3.9972234207688127,3.433234575912459,0.1943840493552507,0.0779840886620212,0.0735298066944232,4.749115066442992,2.2029972854438733e-07,1.81014703664624e-06,9.422671483818952,9.896286200714382,-0.0637954528180316,-0.0828516827723595,-0.1913596327299467,-0.1626068494119073,3.658181542774514,2.650069023463628
0,1,243787,True,-80.78105400769762,0.1885533592117768,0.5666307249723694,19.609292159162905,5.8591554650136e-19,0.3897292729992679,0.1319569418714551,0.0025350893007176,0.5440613491172662,0.0404665956728525,0.2271310345724772,2.8763757061061206,0.3258668010954344,0.3402880691603455,-0.1488663592467409,-0.1556998413589301,-4.994832969135222,-4.109857008209469
1,1,243787,True,-109.01789254261698,0.1753187389229872,0.5666307249723694,19.392475216755976,5.8591554650136e-19,0.0239939559838287,0.1319569418714551,1.5052045389398796,0.5440613491172662,0.724422699279334,0.2271310345724772,7.264379698940183,0.3258668010954344,0.3222893122589699,-0.1488663592467409,-0.1307846158799631,-4.994832969135222,-3.442095585457794
2,1,243787,True,-83.7657121728919,0.1871084923512297,0.5666307249723694,0.1915533653837324,5.8591554650136e-19,0.0039440061806117,0.1319569418714551,0.0625329967752186,0.5440613491172662,0.3187988046326704,0.2271310345724772,0.1000101215080002,0.3258668010954344,0.2992686987961326,-0.1488663592467409,-0.0918211664190343,-4.994832969135222,-4.999989130913584
3,1,243787,True,-89.50053370531867,0.1843632790378943,0.5666307249723694,19.843506248303225,5.8591554650136e-19,0.0100436197240219,0.1319569418714551,3.1168400783709065,0.5440613491172662,0.7020616001040778,0.2271310345724772,6.215273130326612,0.3258668010954344,0.2832799149566432,-0.1488663592467409,-0.0274680009364248,-4.994832969135222,-4.999997853075436
4,1,243787,True,-115.69544283256684,0.1723272872145806,0.5666307249723694,0.0878634867688329,5.8591554650136e-19,0.0175682213438624,0.1319569418714551,0.0346561741487349,0.5440613491172662,1.7683030809386068e-07,0.2271310345724772,0.1000276679323564,0.3258668010954344,0.3396247350367876,-0.1488663592467409,-0.1866005984663919,-4.994832969135222,-4.21062375473606
0,1,312070,True,-2.668323004119042,0.2314998009133096,17.553386356781775,5.717510830443705,0.0330450830293778,1.4759045012230472e-05,2.946730737008978,0.0034818831527908,0.8346224392792763,4.2947624488001886e-05,2.723076643548774,1.4087162856674251,0.323869542858337,0.3224128094967238,-0.2458626856068159,-0.2630085720009671,-2.0049156240299104,0.8035300430263277
1,1,312070,True,-69.72484654336299,0.1974878965144728,17.553386356781775,19.90510516970453,0.0330450830293778,0.6540478901044837,2.946730737008978,0.0014019897547488,0.8346224392792763,0.0734950380635176,2.723076643548774,1.1495466319511984,0.323869542858337,0.3245165989548642,-0.2458626856068159,-0.2172790168926373,-2.0049156240299104,-4.372687590665591
2,1,312070,True,-59.07010781006932,0.2025375892087924,17.553386356781775,0.1085489089552782,0.0330450830293778,8.148422979745733,2.946730737008978,0.149616385155157,0.8346224392792763,0.9999952778293616,2.723076643548774,2.095901231793567,0.323869542858337,0.3797807901308395,-0.2458626856068159,-0.3430676848117717,-2.0049156240299104,4.999691956734072
3,1,312070,True,10.78647191437188,0.2389997279917426,17.553386356781775,0.7978897829401169,0.0330450830293778,0.0574960210436461,2.946730737008978,0.133668772748686,0.8346224392792763,0.0001585572197205,2.723076643548774,0.1503518432434479,0.323869542858337,0.4420418996805798,-0.2458626856068159,-0.4190995454194092,-2.0049156240299104,-1.3261584327215197
4,1,312070,True,-46.72472936057065,0.2085502347652588,17.553386356781775,6.280774120680898,0.0330450830293778,1.4607599702586422,2.946730737008978,1.8251585195912845,0.8346224392792763,0.1891984246952697,2.723076643548774,5.018857454602607,0.323869542858337,0.3397717001944975,-0.2458626856068159,-0.2688852451881349,-2.0049156240299104,3.806318708321135
0,1,328537,True,-124.47560235865352,0.1734581173120725,1.960314540405388,6.8036817205638975,0.0863415848134379,0.3486842597545715,6.525323651994223e-05,0.0028380808870282,0.1344891329220733,0.9999999939110812,0.1000338946820633,0.3814931671033349,0.3282513108280773,0.2823326227336964,-0.112363044081771,0.0005138782724,-4.941958421288135,-4.999999870970577
1,1,328537,True,-165.82160547540218,0.1572693374640948,1.960314540405388,19.99988200905617,0.0863415848134379,0.3554878356800213,6.525323651994223e-05,3.572445965824072e-05,0.1344891329220733,0.1736869836047946,0.1000338946820633,0.5581787087756982,0.3282513108280773,0.3242870708708069,-0.112363044081771,-0.1450277405577133,-4.941958421288135,-4.999996406107972
2,1,328537,True,-165.0737883698324,0.1575482781471286,1.960314540405388,19.987963006225,0.0863415848134379,0.1833622427321975,6.525323651994223e-05,3.46328251292806,0.1344891329220733,0.5046729797171927,0.1000338946820633,2.776016063084623,0.3282513108280773,0.289033296324313,-0.112363044081771,-0.067796515924101,-4.941958421288135,-3.8679296193654777
3,1,328537,True,-186.25297744905745,0.1498364382303875,1.960314540405388,2.9232191173674447,0.0863415848134379,0.0861661387780261,6.525323651994223e-05,0.0007868191594482,0.1344891329220733,0.9999990351288432,0.1000338946820633,0.1000010487249547,0.3282513108280773,0.3582862267010799,-0.112363044081771,-0.1860082711464064,-4.941958421288135,-4.999999591076759
4,1,328537,True,-167.5077785883599,0.1566421947138718,1.960314540405388,13.959262556369255,0.0863415848134379,0.8956890518736336,6.525323651994223e-05,9.909967392046173e-08,0.1344891329220733,0.9518001361995172,0.1000338946820633,0.7420895019021944,0.3282513108280773,0.34002744055266,-0.112363044081771,-0.1605806935694873,-4.941958421288135,-4.9999676117386445
0,1,349889,True,-23.604551143177595,0.220392442229067,13.82508372170663,17.70419312957285,0.0023373050441502,0.0693136020787159,1.1891639694551983,0.1922685173285319,0.6645868770558582,0.9462268833133228,0.7562853034867713,0.8457582281147141,0.2060034495128055,0.2030016125562039,-0.1460812146827075,-0.1799848790290008,-4.955531258095433,-4.325682613257928
1,1,349889,True,-33.282517043774035,0.2154188762292811,13.82508372170663,3.879453061539567,0.0023373050441502,0.005891810857746,1.1891639694551983,4.805900216196369,0.6645868770558582,0.691089671837996,0.7562853034867713,3.042565606387498,0.2060034495128055,0.1942368294722516,-0.1460812146827075,-0.1027873955425876,-4.955531258095433,-0.5136969296311277
2,1,349889,True,-35.55421676288046,0.2142677951494983,13.82508372170663,19.791356485035998,0.0023373050441502,1.4130431844298313e-08,1.1891639694551983,0.5554522887204152,0.6645868770558582,0.469587873393909,0.7562853034867713,0.3128482781293686,0.2060034495128055,0.1750417840525928,-0.1460812146827075,-0.0891856128146765,-4.955531258095433,-4.999625886065271
3,1,349889,True,3.016937269127185,0.2346737648114222,13.82508372170663,6.80654571613154,0.0023373050441502,0.0071766236396549,1.1891639694551983,1.329032593779764,0.6645868770558582,0.7446162771522893,0.7562853034867713,2.904581419942046,0.2060034495128055,0.2635659872386273,-0.1460812146827075,-0.2130006072898769,-4.955531258095433,-0.7618595246392285
4,1,349889,True,-23.58565481954105,0.2204022646340632,13.82508372170663,14.041342998911984,0.0023373050441502,0.044577391305444,1.1891639694551983,1.3486743433766302,0.6645868770558582,0.8318323515794195,0.7562853034867713,1.8170199642037088,0.2060034495128055,0.255134898408722,-0.1460812146827075,-0.2715244796006311,-4.955531258095433,-3.951775531245469
0,1,384894,True,-100.26829064487254,0.1857813845707576,14.534020017673514,19.999914844633143,0.0028091785622895,0.0001082833768051,4.9803143664502105,1.0476226973317964,0.5449555649070789,0.464161444868316,9.899522575863228,2.715454802050976,0.1138464377542457,0.1340287167429267,-0.4422381162509013,-0.4937578816209641,-1.4421487472052903,-4.780639285162501
1,1,384894,True,-128.2894353971651,0.1743188704357793,14.534020017673514,19.98310677287165,0.0028091785622895,0.0177020224857722,4.9803143664502105,1.918508386137431,0.5449555649070789,0.2743092681377356,9.899522575863228,6.086946143436742,0.1138464377542457,0.1269979246141136,-0.4422381162509013,-0.4877860656044172,-1.4421487472052903,-3.2315344732512603
2,1,384894,True,-199.2554530974153,0.1483537770662111,14.534020017673514,19.98747791505152,0.0028091785622895,0.0292077748276245,4.9803143664502105,4.969859939260788,0.5449555649070789,0.1024549192215987,9.899522575863228,9.993042048551311,0.1138464377542457,0.0740280970347804,-0.4422381162509013,-0.3998226719626799,-1.4421487472052903,-1.9383362809067843
3,1,384894,True,-155.56549096756757,0.1638407919300063,14.534020017673514,18.844664350245274,0.0028091785622895,0.0796117388758485,4.9803143664502105,4.7464570471574365,0.5449555649070789,0.8295095308013356,9.899522575863228,7.493038920274532,0.1138464377542457,0.1008683688601138,-0.4422381162509013,-0.4480837862150449,-1.4421487472052903,-4.459351727444635
4,1,384894,True,-152.37883849628952,0.1650316984680142,14.534020017673514,3.1923650232232137,0.0028091785622895,7.0434964903040875e-09,4.9803143664502105,4.998624185842402,0.5449555649070789,0.4460844193998523,9.899522575863228,5.3235749484149855,0.1138464377542457,0.1474899668018366,-0.4422381162509013,-0.5138778608967459,-1.4421487472052903,0.2020603774673941
0,1,658375,True,-47.55511389876529,0.2073808090855556,1.1047884573376796,4.545302949812459,0.0032434943984918,0.1248304885242138,0.6424503452284307,0.6770520532556111,0.8266236132275577,0.4466012677538161,3.715214986778749,3.780638043081829,0.1629008590734353,0.1087893622348852,-0.4081762409463865,-0.3607921405820364,0.3664885789259812,-4.9871880189754885
1,1,658375,True,-89.53065915376254,0.1872930250292936,1.1047884573376796,0.2607838912001547,0.0032434943984918,0.0046066156062547,0.6424503452284307,0.2001751194548405,0.8266236132275577,0.8314415588985702,3.715214986778749,1.643092763910513,0.1629008590734353,0.0987435327933601,-0.4081762409463865,-0.2870458612642798,0.3664885789259812,1.7525389349596698
2,1,658375,True,-65.97488915599091,0.1983133921843552,1.1047884573376796,0.1311528258884242,0.0032434943984918,0.0144166502761723,0.6424503452284307,3.3823937181957886,0.8266236132275577,0.7496015799367207,3.715214986778749,9.998803312934909,0.1629008590734353,0.1611169159551056,-0.4081762409463865,-0.3645744442502419,0.3664885789259812,4.698698450085133
3,1,658375,True,-117.18738856232956,0.1751331225790499,1.1047884573376796,0.3721259923497134,0.0032434943984918,0.017955845908555,0.6424503452284307,1.69603839748565,0.8266236132275577,0.4353490812218263,3.715214986778749,9.95110234175382,0.1629008590734353,0.1834642722172698,-0.4081762409463865,-0.4234187898513709,0.3664885789259812,4.423743156550569
4,1,658375,True,-110.66293847377976,0.1779286147446844,1.1047884573376796,0.8404008656489411,0.0032434943984918,0.0090260882011677,0.6424503452284307,1.0968611434965143,0.8266236132275577,0.7780704149405421,3.715214986778749,4.093346046435988,0.1629008590734353,0.1495529580015102,-0.4081762409463865,-0.3537591957956998,0.3664885789259812,0.4081379294889235
0,1,730111,True,-113.49203498473884,0.1795489731386939,0.7070595493624752,0.4260806269712235,0.0126539189369783,0.0038215385419848,4.972749112008849,2.468280352989378,0.6375729650058516,0.7140716945669208,9.903993565623608,3.90313048086386,0.1561573526263615,0.1051796893466378,0.0510424679594808,0.113092329931096,4.277714541801127,3.644394293370532
1,1,730111,True,-151.13902767050695,0.1646305345766699,0.7070595493624752,0.6544576048511861,0.0126539189369783,0.0258400721490703,4.972749112008849,4.999911743226603,0.6375729650058516,0.3782906210088185,9.903993565623608,7.862616641802811,0.1561573526263615,0.1459147619706065,0.0510424679594808,0.0741609167964939,4.277714541801127,3.571173550429376
2,1,730111,True,-107.68819859505516,0.1819661892523586,0.7070595493624752,0.8097742170416585,0.0126539189369783,0.0244058903848746,4.972749112008849,1.3708818232187872,0.6375729650058516,0.8958751255916827,9.903993565623608,7.025010769553655,0.1561573526263615,0.1616032479550444,0.0510424679594808,0.0009922307039806,4.277714541801127,3.8875369106527073
3,1,730111,True,-80.09146808557954,0.1939126564384742,0.7070595493624752,1.881596996001437,0.0126539189369783,0.0262245357886546,4.972749112008849,3.8242873234868986,0.6375729650058516,0.7205920570386848,9.903993565623608,9.993084214904602,0.1561573526263615,0.1986634566080756,0.0510424679594808,-0.0281826501241269,4.277714541801127,3.2776288055881944
4,1,730111,True,-119.30318191305696,0.1771608827996614,0.7070595493624752,0.7448988799763975,0.0126539189369783,0.041787829507776,4.972749112008849,0.0791558202037954,0.6375729650058516,0.5196684927802476,9.903993565623608,0.596534859232136,0.1561573526263615,0.0936033023060342,0.0510424679594808,0.1052809282171912,4.277714541801127,0.2840117718671684
0,1,743968,True,-253.0476259938445,0.1344747587776905,0.017365982581767,0.187800622442673,6.046876999579438e-20,0.0002178071259308,0.1171291465221178,0.730591211802238,0.4175378934591798,0.540599700098074,0.1000379362635601,0.881392756907765,0.0245402508201713,0.0314054060117855,-0.091601999611905,-0.0983877881957864,2.9732474866945875,2.9895582216181182
1,1,743968,True,-266.07635988153874,0.1307032513986831,0.017365982581767,0.0419692606814562,6.046876999579438e-20,0.0050901524834542,0.1171291465221178,1.3232918585483848,0.4175378934591798,0.0378843073459472,0.1000379362635601,0.9195615623244092,0.0245402508201713,-0.0163412120518896,-0.091601999611905,-0.0512234845441746,2.9732474866945875,4.957460148284092
2,1,743968,True,-274.98205185437234,0.1281863102968787,0.017365982581767,0.0032284526592004,6.046876999579438e-20,4.189898676510196e-34,0.1171291465221178,0.1613047515562161,0.4175378934591798,0.3284478817473055,0.1000379362635601,0.1124327613615818,0.0245402508201713,0.0294316561231526,-0.091601999611905,-0.1186298206697935,2.9732474866945875,4.905183606557665
3,1,743968,True,-257.3160197785152,0.1332273246743079,0.017365982581767,0.0356844736208725,6.046876999579438e-20,0.0027274064782837,0.1171291465221178,0.8202078520280485,0.4175378934591798,0.2859953786022688,0.1000379362635601,0.5609383985364016,0.0245402508201713,0.0204290725692755,-0.091601999611905,-0.0690662025096093,2.9732474866945875,4.952339496952186
4,1,743968,True,-270.3610768111875,0.129486188117587,0.017365982581767,0.0176363489821283,6.046876999579438e-20,5.671428484365725e-25,0.1171291465221178,0.1583473263714793,0.4175378934591798,0.1682913160952945,0.1000379362635601,0.1077497133031031,0.0245402508201713,0.0332668195643108,-0.091601999611905,-0.1282484000434774,2.9732474866945875,3.419079574315014
0,1,785063,True,-79.16880747272535,0.1952874517766551,5.733326350209462,16.787842165790988,0.151191150172371,0.0214280378818346,3.426000999690878,1.5607101816432802,0.7697383302850687,0.9432155030785224,1.670080617927768,0.5247587564607242,0.314129098060714,0.2788041662098373,-0.2796868693746315,-0.2331508187893073,1.7364548581671828,-4.947377366490701
1,1,785063,True,-69.08904438362467,0.1997716079815337,5.733326350209462,3.047028444702589,0.151191150172371,4.072128875001624,3.426000999690878,0.000324780386806,0.7697383302850687,0.9986456123486764,1.670080617927768,0.6675355783238106,0.314129098060714,0.3185015318042914,-0.2796868693746315,-0.2986223599966943,1.7364548581671828,0.6749148536543181
2,1,785063,True,-134.71275556567417,0.1723235135033576,5.733326350209462,0.8696795544370307,0.151191150172371,0.0190176777863222,3.426000999690878,4.996653619277907,0.7697383302850687,0.4075470988553288,1.670080617927768,2.7103241499400506,0.314129098060714,0.3265710139306347,-0.2796868693746315,-0.2808531114113582,1.7364548581671828,4.999998857888694
3,1,785063,True,-70.77257916365593,0.1990155592636166,5.733326350209462,12.33077489715081,0.151191150172371,5.104518501368904,3.426000999690878,1.3005335415754358,0.7697383302850687,0.7278377208904766,1.670080617927768,6.715073926176555,0.314129098060714,0.3358219370665765,-0.2796868693746315,-0.3588429352802332,1.7364548581671828,4.9905126237234
4,1,785063,True,-67.84308818195018,0.2003329959155467,5.733326350209462,11.235703300157171,0.151191150172371,0.0048570459157711,3.426000999690878,3.1499350502333137,0.7697383302850687,0.0003661799468663,1.670080617927768,0.3845343234016737,0.314129098060714,0.3063765932863398,-0.2796868693746315,-0.2667152588913057,1.7364548581671828,-0.8424815821363556
0,1,785667,True,-92.31973392981988,0.1814050446856733,0.6876044172263545,1.0102397842483664,0.3904800353321763,0.1418030296237543,3.113217943476224,4.002498858926604,0.6252280680557443,0.5359001308443583,9.990576132040356,9.997891424573336,0.2539373449265398,0.2201092925652925,-0.044567281686836,0.0062263251037108,2.848477765751245,2.472204629963951
1,1,785667,True,-74.21062569303079,0.1903557840831147,0.6876044172263545,0.4649605226286457,0.3904800353321763,0.2710136358348241,3.113217943476224,0.7369794089896278,0.6252280680557443,0.9999995403705272,9.990576132040356,6.812782301010035,0.2539373449265398,0.2364745661464636,-0.044567281686836,-0.0383061664555878,2.848477765751245,3.986085504669426
2,1,785667,True,-126.74384590122853,0.1655343717828636,0.6876044172263545,0.0095454498762104,0.3904800353321763,0.0011980248223149,3.113217943476224,0.0319872895326494,0.6252280680557443,0.728058479681758,9.990576132040356,0.1014931678738699,0.2539373449265398,0.2409032707661255,-0.044567281686836,-0.0233504486176881,2.848477765751245,2.3697443699021337
3,1,785667,True,-94.2663816574032,0.1804682915816307,0.6876044172263545,0.2448204146586975,0.3904800353321763,0.0214389781460953,3.113217943476224,4.285481517365876,0.6252280680557443,0.869026534257129,9.990576132040356,9.988046123336016,0.2539373449265398,0.2400934051289029,-0.044567281686836,-0.0009324842027795,2.848477765751245,4.972273468293448
4,1,785667,True,-124.3770262708744,0.1665796528967061,0.6876044172263545,1.0136869901182337e-05,0.3904800353321763,0.4700395062563433,3.113217943476224,3.597972197542111,0.6252280680557443,0.413805298122235,9.990576132040356,8.488120361522109,0.2539373449265398,0.2044711252030049,-0.044567281686836,0.0522341115508803,2.848477765751245,-4.999856407241305
0,1,787955,True,-366.1857979702504,0.1050409146910018,6.3566073390156825,1.9779965170498075,1.705390040851391e-05,0.0045729457233346,1.773983583861708,0.7397917772752004,0.6116123761461529,0.6954527102391816,9.99998586929824,5.953642580135247,0.1586622517506918,0.1068553969039891,-0.388764503674858,-0.3327570981987907,-0.3436006169459202,1.0715101327069434
1,1,787955,True,-393.43768112072354,0.098973091455152,6.3566073390156825,7.600446772891384,1.705390040851391e-05,3.602077425517278e-05,1.773983583861708,0.1010237410115944,0.6116123761461529,3.209607130055245e-07,9.99998586929824,3.91492169940809,0.1586622517506918,0.129480096538308,-0.388764503674858,-0.3536103566837663,-0.3436006169459202,-1.721082549458404
2,1,787955,True,-398.2182273994631,0.0979453956104097,6.3566073390156825,8.343667273617625,1.705390040851391e-05,0.0009882879976273,1.773983583861708,3.9589149768219833,0.6116123761461529,0.4426889543941543,9.99998586929824,9.99445673807433,0.1586622517506918,0.1352733351630917,-0.388764503674858,-0.3511233610378311,-0.3436006169459202,-1.6633982654990516
3,1,787955,True,-398.5203319730353,0.0978808104681209,6.3566073390156825,4.436131071458202,1.705390040851391e-05,0.035165247047184,1.773983583861708,0.6266051795377142,0.6116123761461529,0.8020384196368648,9.99998586929824,8.826492843724932,0.1586622517506918,0.134033557692718,-0.388764503674858,-0.3879379256261471,-0.3436006169459202,0.0961699438459899
4,1,787955,True,-360.00620239219484,0.1064677907086648,6.3566073390156825,0.8326734253846696,1.705390040851391e-05,3.579791845798098e-09,1.773983583861708,1.5608438627720358,0.6116123761461529,0.3889647938596425,9.99998586929824,2.7870197044023803,0.1586622517506918,0.1402240040400065,-0.388764503674858,-0.3826847495764512,-0.3436006169459202,-1.3862891664184698
0,1,803870,True,-111.17388800740632,0.1771711190561355,0.1513634273022703,1.2459806053245823,3.525062149934223e-08,4.1675482139336977e-10,6.743365442890125e-05,0.4411285203633679,0.0203273390414805,0.3471854834623436,0.1000413615744064,0.6107074111530549,0.3226197573765267,0.2790690745019661,-0.3442161699955976,-0.2718297608827912,-0.4762415940451606,-4.998295087408539
1,1,803870,True,-96.45354573646073,0.1836800361882115,0.1513634273022703,0.7120066223874753,3.525062149934223e-08,6.16201730440237e-16,6.743365442890125e-05,0.812170318082203,0.0203273390414805,0.2389326296811351,0.1000413615744064,0.940213465861132,0.3226197573765267,0.3212072885516028,-0.3442161699955976,-0.29958964716503,-0.4762415940451606,-1.6343863780199497
2,1,803870,True,-57.79097237498135,0.2019371518163265,0.1513634273022703,0.0353127852630772,3.525062149934223e-08,3.4507766223919918e-18,6.743365442890125e-05,0.0691893672791477,0.0203273390414805,0.1688775550136162,0.1000413615744064,0.1006232595814877,0.3226197573765267,0.3912288655326203,-0.3442161699955976,-0.467305657803318,-0.4762415940451606,1.3963077957127803
3,1,803870,True,-93.09171063991896,0.1851997740265232,0.1513634273022703,0.0941565686642197,3.525062149934223e-08,7.868710427997357e-13,6.743365442890125e-05,0.0103817252332586,0.0203273390414805,0.3999380766462302,0.1000413615744064,0.1000457397676631,0.3226197573765267,0.3119552827214001,-0.3442161699955976,-0.3404226148748453,-0.4762415940451606,0.3679526573865241
4,1,803870,True,-76.05779897760429,0.193095500070071,0.1513634273022703,0.2627318544565877,3.525062149934223e-08,0.000627319091613,6.743365442890125e-05,0.0529960518478173,0.0203273390414805,3.83622126872721e-24,0.1000413615744064,0.1005091443337404,0.3226197573765267,0.4081462872179279,-0.3442161699955976,-0.4558370968056267,-0.4762415940451606,-4.506259646895015
0,1,820531,True,-251.98181790309872,0.1347880582967578,0.1896092320570955,0.2915528161543379,0.0007143078048369,2.8894274502725893e-05,0.0358214470404092,0.0357223988541662,0.0877355142544791,7.022249540155799e-33,0.1007377462624282,0.1000084620538024,0.3950803706779774,0.3985027102876167,-0.6910450178170665,-0.7400910653461561,-3.088485029376023,-4.983196512656158
1,1,820531,True,-194.72805522478373,0.1527361345425132,0.1896092320570955,5.271830704485514,0.0007143078048369,0.0056145965637767,0.0358214470404092,0.0072490026930246,0.0877355142544791,0.0010634300343751,0.1007377462624282,2.0985491714362974,0.3950803706779774,0.3851921728617535,-0.6910450178170665,-0.7043547275514276,-3.088485029376023,-2.4694255853231373
2,1,820531,True,-226.5324235061238,0.1424897360739289,0.1896092320570955,10.538946242526087,0.0007143078048369,0.0153897498112217,0.0358214470404092,3.3571491426448223,0.0877355142544791,0.5810935540565553,0.1007377462624282,9.987528619757263,0.3950803706779774,0.4137986230693343,-0.6910450178170665,-0.7496580124640667,-3.088485029376023,-1.266642274278359
3,1,820531,True,-213.4569174814796,0.146616320406078,0.1896092320570955,2.6727438714579934,0.0007143078048369,0.0205687467315088,0.0358214470404092,0.29796556058415,0.0877355142544791,0.2037617602725155,0.1007377462624282,0.7872360794461286,0.3950803706779774,0.3489349816632358,-0.6910450178170665,-0.6066572578215806,-3.088485029376023,-4.9974563872234015
4,1,820531,True,-237.6258536610169,0.1390798886252352,0.1896092320570955,19.979023529853592,0.0007143078048369,0.00079698642275,0.0358214470404092,1.123071937159693,0.0877355142544791,0.5887668934499779,0.1007377462624282,4.9520532615373805,0.3950803706779774,0.4147162017016837,-0.6910450178170665,-0.7282730677293318,-3.088485029376023,-2.8715772053869317
0,1,828098,True,-19.53745466748337,0.2231135878929274,0.2860146586760485,2.2444758227186408,5.8719760779783e-07,0.2613330984800827,3.1614876536962946e-05,0.0069243226888359,0.6978536968709975,0.9584142563906348,0.7665688087339791,6.922122806404972,0.3542088464463628,0.2946411200320589,-0.4806864438004635,-0.3688590247451631,4.999999999840858,4.999999998629589
1,1,828098,True,-17.847474529744254,0.2239761127519585,0.2860146586760485,2.0012788529806222,5.8719760779783e-07,1.3209150386681375e-09,3.1614876536962946e-05,0.0001849626563495,0.6978536968709975,4.4813515978173534e-08,0.7665688087339791,9.99034415955832,0.3542088464463628,0.3616914587513,-0.4806864438004635,-0.4766492515772453,4.999999999840858,4.999999998883848
2,1,828098,True,-49.45264761670788,0.2083837803104923,0.2860146586760485,0.3108082614481601,5.8719760779783e-07,0.0006266135689047,3.1614876536962946e-05,4.907089053017744,0.6978536968709975,0.4863315904513147,0.7665688087339791,2.979884227295408,0.3542088464463628,0.381871479851865,-0.4806864438004635,-0.5245744320912883,4.999999999840858,4.914752917161706
3,1,828098,True,-5.204228562156903,0.2305355925482289,0.2860146586760485,1.5774164738665295,5.8719760779783e-07,0.0017607595834487,3.1614876536962946e-05,0.6395486083134242,0.6978536968709975,2.496368056348856e-08,0.7665688087339791,2.0187245704677776,0.3542088464463628,0.2778023370258751,-0.4806864438004635,-0.3510595350292438,4.999999999840858,3.8615990173638894
4,1,828098,True,-8.821591325637229,0.2286394813914944,0.2860146586760485,0.0471069060791521,5.8719760779783e-07,1.3958306850532245e-12,3.1614876536962946e-05,1.9200644085803187e-08,0.6978536968709975,0.7521721799411096,0.7665688087339791,0.1000694815738874,0.3542088464463628,0.2892714372028572,-0.4806864438004635,-0.3337883320098451,4.999999999840858,4.999999999982038
0,1,882052,True,76.73803540472282,0.2792386602591106,2.430569497980062,1.012768839121452,0.2121287428762713,4.038854120666274e-06,0.5339680486920736,3.262134195842342,0.0744968688103753,0.908315596399582,3.2558270947465964,7.534586760707198,0.0462697838503355,0.2045182709918709,-0.0369501223177925,-0.3566493669747019,1.832718944943159,4.285187384966127
1,1,882052,True,63.01512508373139,0.2703456903635114,2.430569497980062,0.1247305532861857,0.2121287428762713,0.0564486792412609,0.5339680486920736,4.195131585689107,0.0744968688103753,0.4899163221399095,3.2558270947465964,3.0933543203829053,0.0462697838503355,0.0748562325155184,-0.0369501223177925,-0.0992364736452149,1.832718944943159,4.999397489695832
2,1,882052,True,70.14200066365805,0.2749282469857271,2.430569497980062,2.428192201867989,0.2121287428762713,0.0004178877474747,0.5339680486920736,0.4879402108062104,0.0744968688103753,0.8115976415362209,3.2558270947465964,1.519512954893231,0.0462697838503355,-0.0415927869843947,-0.0369501223177925,0.0549649419464655,1.832718944943159,-0.5646095720776234
3,1,882052,True,65.67320276775723,0.2720458248693068,2.430569497980062,0.2667122077268619,0.2121287428762713,0.1071773513069541,0.5339680486920736,0.5263348254783702,0.0744968688103753,1.0460343601109069e-05,3.2558270947465964,0.6118192013570812,0.0462697838503355,0.027325629709001,-0.0369501223177925,-0.0402914064555781,1.832718944943159,2.9689611623615377
4,1,882052,True,42.256104308905016,0.2574283734603997,2.430569497980062,0.5334933224693091,0.2121287428762713,0.0739969449563003,0.5339680486920736,4.999624286085648,0.0744968688103753,0.2019908330451324,3.2558270947465964,3.088941422906134,0.0462697838503355,0.0186202353030921,-0.0369501223177925,0.0185418975821588,1.832718944943159,-4.967740542820419
0,1,897347,True,-78.00447854665181,0.1968942088389256,4.66756870937107,0.1406972866030894,0.0056929103103428,0.0053415414499111,2.329159715204987,0.0004516781452246,0.7174436576429558,3.8681981313238434e-08,3.773754096223231,0.1000018209820768,0.2243626867812858,0.209168658902252,-0.2753821907505883,-0.212440676833545,-0.2161038146463462,0.2538054404933564
1,1,897347,True,-37.82400003857437,0.2150308826346516,4.66756870937107,0.5379984497866932,0.0056929103103428,0.0566748240476111,2.329159715204987,0.0284502025845969,0.7174436576429558,9.59115862062043e-07,3.773754096223231,0.1001574103234421,0.2243626867812858,0.1956464858940076,-0.2753821907505883,-0.2042888121842136,-0.2161038146463462,-4.591531387867649
2,1,897347,True,-62.7398577599851,0.2035968105158392,4.66756870937107,8.328061646093486,0.0056929103103428,0.2513753534322204,2.329159715204987,4.983742932950691,0.7174436576429558,8.675557240195726e-11,3.773754096223231,9.999734718865032,0.2243626867812858,0.2147660268706992,-0.2753821907505883,-0.2306081212472492,-0.2161038146463462,1.0450598675345772
3,1,897347,True,-84.89555077962373,0.1939411132457006,4.66756870937107,0.6970244138978821,0.0056929103103428,0.0090903490168402,2.329159715204987,0.2356148882698959,0.7174436576429558,0.8142721771348591,3.773754096223231,0.3488276749423781,0.2243626867812858,0.242079723734054,-0.2753821907505883,-0.2975388187629452,-0.2161038146463462,-1.6278973652068218
4,1,897347,True,-84.33014249619912,0.1941817358836048,4.66756870937107,12.4516877289785,0.0056929103103428,0.0860197620523457,2.329159715204987,4.914076375185212,0.7174436576429558,0.7488348575380674,3.773754096223231,5.129558188886171,0.2243626867812858,0.1899340975132672,-0.2753821907505883,-0.1953989017442217,-0.2161038146463462,-2.703646159996884
0,1,919598,True,-264.1271753466214,0.1316102134205928,19.99989071477471,12.345098541997292,2.686655863141488e-13,6.095686528699088e-06,4.7237167740821695,2.868210710322363,0.7032687688324457,0.6856283901910898,6.633669041616095,8.137784611603722,-0.0865751061075304,-0.0532699581466522,-0.0014957229880253,-0.0504883701547119,-1.1048395498375854,0.6053265585748925
1,1,919598,True,-275.1835962774125,0.1284845839378457,19.99989071477471,0.2476235747453924,2.686655863141488e-13,0.112964000822813,4.7237167740821695,0.26315734568026,0.7032687688324457,0.0880272314394937,6.633669041616095,0.2283964164211631,-0.0865751061075304,-0.107817390753678,-0.0014957229880253,0.0145930608852362,-1.1048395498375854,-0.5267482352975653
2,1,919598,True,-257.1415750041866,0.1336241105701671,19.99989071477471,0.0712948020301455,2.686655863141488e-13,5.0035745732102814e-14,4.7237167740821695,0.1658938103302938,0.7032687688324457,0.2216777126062962,6.633669041616095,0.1000636660110813,-0.0865751061075304,-0.1067572440910058,-0.0014957229880253,-0.0084199342487095,-1.1048395498375854,1.2458921670813807
3,1,919598,True,-246.3057728452204,0.136809138493393,19.99989071477471,2.7731699045987903,2.686655863141488e-13,2.6762486382026445e-08,4.7237167740821695,0.0059240506555801,0.7032687688324457,0.0237403647776172,6.633669041616095,1.1106734211153342,-0.0865751061075304,-0.0935192309864738,-0.0014957229880253,0.0053560809723067,-1.1048395498375854,0.6416801455280813
4,1,919598,True,-236.36121227333672,0.1397989633796801,19.99989071477471,3.45019153584105,2.686655863141488e-13,0.0080520359955955,4.7237167740821695,2.591077769819691,0.7032687688324457,0.7321169689549687,6.633669041616095,2.007624985282175,-0.0865751061075304,-0.0854186338771116,-0.0014957229880253,-0.0434356843234023,-1.1048395498375854,-1.0406746443986568
0,1,994851,True,-147.7846868705486,0.1653264700082479,19.999996064891995,19.999698494069754,1.6654867678388323e-10,1.2906294594095694e-07,4.984402875663172,3.356584320268272,0.6862187581735568,0.6819430081077765,6.626095457918734,9.649347477710789,0.3030182898383838,0.2813929178879152,-0.2085690351152793,-0.1662931707707282,-2.003965876121959,-0.9777172812134496
1,1,994851,True,-135.12421871032225,0.1702665370712795,19.999996064891995,10.139403619751947,1.6654867678388323e-10,0.145758480608433,4.984402875663172,3.165221213164981,0.6862187581735568,0.5646559900029109,6.626095457918734,2.627607094655053,0.3030182898383838,0.3368498355105794,-0.2085690351152793,-0.2586756602818855,-2.003965876121959,-4.996099749031358
2,1,994851,True,-119.80423187063974,0.1764421306128006,19.999996064891995,1.4656593341909565,1.6654867678388323e-10,0.0778049603771715,4.984402875663172,0.4260154622347239,0.6862187581735568,0.939383995475758,6.626095457918734,0.8854749718837391,0.3030182898383838,0.3094210473187063,-0.2085690351152793,-0.2062628495778506,-2.003965876121959,-0.8241656299450061
3,1,994851,True,-106.79985553456204,0.1818597319561971,19.999996064891995,19.938675145816923,1.6654867678388323e-10,0.0031572552261096,4.984402875663172,4.995634409860419,0.6862187581735568,0.7913827098028857,6.626095457918734,5.108284459557775,0.3030182898383838,0.2211747325645719,-0.2085690351152793,-0.1010916535660688,-2.003965876121959,-3.0448799044274124
4,1,994851,True,-131.12537155813743,0.1718573408330265,19.999996064891995,6.204240628218432,1.6654867678388323e-10,0.187018227546498,4.984402875663172,0.8849060288733095,0.6862187581735568,0.9531014039198415,6.626095457918734,5.792457305078682,0.3030182898383838,0.2793628466023514,-0.2085690351152793,-0.1703649305217545,-2.003965876121959,0.1147666051164462
0,2,2046,True,-157.75670728053282,0.1636079161889366,0.0131168050943284,0.023135326012094,0.0005845746847205,0.0005735848713271,0.0111673781974634,0.1723672185866137,0.6602770650158598,0.2149490383277803,0.1000386828123244,0.6445877864556107,-0.1258663493653221,-0.093090300495097,0.0607593284400959,-0.0241605038768347,2.122931534793514,3.6923127689206208
1,2,2046,True,-150.25122808683494,0.1663970904369196,0.0131168050943284,0.2165397262214737,0.0005845746847205,7.98215451513134e-06,0.0111673781974634,0.5092502785922951,0.6602770650158598,0.6186483871109149,0.1000386828123244,5.521390967013542,-0.1258663493653221,-0.1639771312465148,0.0607593284400959,0.137612524677961,2.122931534793514,4.072287512420059
2,2,2046,True,-128.6486365847648,0.1746932411806501,0.0131168050943284,0.3585510847211038,0.0005845746847205,4.5157077155099815e-05,0.0111673781974634,0.0693702723591459,0.6602770650158598,0.7416932047029199,0.1000386828123244,0.7122583913262094,-0.1258663493653221,-0.1103392416767316,0.0607593284400959,0.0589646535995244,2.122931534793514,-0.0619771288450978
3,2,2046,True,-180.4878231393696,0.1554426111811593,0.0131168050943284,0.2965480396655071,0.0005845746847205,0.0820580620349619,0.0111673781974634,0.6536683759860478,0.6602770650158598,0.6645034865160979,0.1000386828123244,3.660900990051172,-0.1258663493653221,-0.1233194723994876,0.0607593284400959,0.0344366847784061,2.122931534793514,2.15291490070802
4,2,2046,True,-190.76791572329648,0.1518849371724106,0.0131168050943284,9.717560024720695,0.0005845746847205,0.0110257406900465,0.0111673781974634,4.989156083207489,0.6602770650158598,0.2311097682265579,0.1000386828123244,9.856587010161736,-0.1258663493653221,-0.0933278007921989,0.0607593284400959,0.0243713869023455,2.122931534793514,-3.970592910784336
0,2,62573,True,-95.34147533832764,0.1880885674624618,0.0197365179122524,0.0007988836630471,4.153275267842501e-09,0.0050567989603231,0.101937965147983,0.0470279432359003,0.3393030220209883,0.3207359805975907,0.2251190861305061,0.1000140048746891,0.039492502521899,0.0566073616856399,-0.0691519684479865,-0.0991974610774922,0.9592581733956882,4.998804656017046
1,2,62573,True,-58.648373598832165,0.2043693758923193,0.0197365179122524,0.0308316421608999,4.153275267842501e-09,0.0047136411955525,0.101937965147983,0.037872926945747,0.3393030220209883,6.380933328403413e-11,0.2251190861305061,0.1000000669591812,0.039492502521899,0.0519434319700131,-0.0691519684479865,-0.0765492687132529,0.9592581733956882,-3.56332917520048
2,2,62573,True,-120.22345893935682,0.1777928084544413,0.0197365179122524,0.0627118421642968,4.153275267842501e-09,0.0011726912115363,0.101937965147983,0.7393146853084541,0.3393030220209883,0.4858582542919963,0.2251190861305061,2.56408829316013,0.039492502521899,-0.0183119643887017,-0.0691519684479865,0.0073176305861994,0.9592581733956882,4.272967868768888
3,2,62573,True,-81.08470430712613,0.1942542937982397,0.0197365179122524,0.2329424900753454,4.153275267842501e-09,7.169000198312539e-11,0.101937965147983,0.0339012393078075,0.3393030220209883,0.4431855741663211,0.2251190861305061,0.1000022046289934,0.039492502521899,0.06848676133465,-0.0691519684479865,-0.1209330915178858,0.9592581733956882,-4.999978036319423
4,2,62573,True,-104.40133701970802,0.1842724798217308,0.0197365179122524,0.0028267855576368,4.153275267842501e-09,0.0005958807010574,0.101937965147983,0.0187319621364248,0.3393030220209883,0.3027778432358476,0.2251190861305061,0.1002553342076593,0.039492502521899,0.048730213784361,-0.0691519684479865,-0.1085063053754067,0.9592581733956882,3.4512352855085395
0,2,82622,True,-127.60341852355783,0.177085984218162,3.0635231441360347,2.088890992299659,2.413235590000044,5.496983633100223,0.0375129818471379,3.6115788489081337,6.891429801986291e-05,0.2486856320948355,5.412954483847857,8.372568067361382,0.0569708071326918,0.053200263798503,-0.1135893519489349,-0.0875213188284989,0.4061133739998797,-4.182039605061439
1,2,82622,True,-147.59798932234887,0.1695535731904968,3.0635231441360347,0.5463672995599248,2.413235590000044,0.3021607997642841,0.0375129818471379,0.0001951533380006,6.891429801986291e-05,0.9983652273927256,5.412954483847857,0.4720974688859394,0.0569708071326918,0.0896337979988295,-0.1135893519489349,-0.1821123863904606,0.4061133739998797,-1.5375173438046048
2,2,82622,True,-193.4122693616196,0.1534803708954743,3.0635231441360347,1.7073200646013804,2.413235590000044,3.011016921655525,0.0375129818471379,0.6275996497438644,6.891429801986291e-05,1.2204598109508084e-07,5.412954483847857,9.990263933234065,0.0569708071326918,0.07706645378238,-0.1135893519489349,-0.1467508868703013,0.4061133739998797,2.362221923450612
3,2,82622,True,-143.69740796911375,0.1709974198143306,3.0635231441360347,3.605722429031104e-05,2.413235590000044,1.715584473042462,0.0375129818471379,4.997853632447601,6.891429801986291e-05,0.3727124091103546,5.412954483847857,6.067944510736754,0.0569708071326918,0.0317395541832342,-0.1135893519489349,-0.0699117897806305,0.4061133739998797,-4.974374098967044
4,2,82622,True,-127.41256006323565,0.1771594741548917,3.0635231441360347,2.0938436142304897,2.413235590000044,0.0690971940668938,0.0375129818471379,2.4347997392079166,6.891429801986291e-05,0.9062069290232908,5.412954483847857,9.985821393105704,0.0569708071326918,0.025893649083795,-0.1135893519489349,-0.0783310676650888,0.4061133739998797,2.747744107190596
0,2,118354,True,89.7947505277803,0.2891845123588941,1.1191803615869522,1.118738865111153,0.7051739791750934,0.0123779271645444,0.0511701431550206,4.695428681357965,0.0063502221913838,0.5677287096674164,2.794209381909882,2.313799409924063,0.0776116451872081,0.0658246419352238,-0.1688559852514198,-0.1177558757080027,3.1985597049186394,-0.3528590017553045
1,2,118354,True,99.20718549636877,0.2958345323311948,1.1191803615869522,0.8884941497455962,0.7051739791750934,0.3306375927519696,0.0511701431550206,0.7949832013364703,0.0063502221913838,0.1158858265371855,2.794209381909882,1.8547539520433924,0.0776116451872081,0.0857700773221189,-0.1688559852514198,-0.2238261543124857,3.1985597049186394,2.2759915912977178
2,2,118354,True,113.45858283577569,0.3061955501720193,1.1191803615869522,9.545452246710871,0.7051739791750934,0.0161582385737261,0.0511701431550206,0.600777947188502,0.0063502221913838,0.0104006339601983,2.794209381909882,9.981988211307272,0.0776116451872081,0.1073508796173032,-0.1688559852514198,-0.1601078697053543,3.1985597049186394,1.4886385076922348
3,2,118354,True,54.00552708755485,0.2652353475570351,1.1191803615869522,0.3966413598723536,0.7051739791750934,1.6870045784142844,0.0511701431550206,0.0018316161399158,0.0063502221913838,0.9999999052147834,2.794209381909882,2.296705135072764,0.0776116451872081,0.0334693041580489,-0.1688559852514198,-0.0710293595249485,3.1985597049186394,3.095977443154392
4,2,118354,True,67.0438551917863,0.2737214769711593,1.1191803615869522,0.1193972185265966,0.7051739791750934,2.754281190178668,0.0511701431550206,1.7073458603544935,0.0063502221913838,0.998485829292024,2.794209381909882,4.323385354329809,0.0776116451872081,0.0831357791206662,-0.1688559852514198,-0.186207657999564,3.1985597049186394,4.9985853322679015
0,2,169207,True,-151.67383974690586,0.1667020709686081,0.2163368556149319,1.208073099903786,0.0042855955447862,0.0819275538958151,0.8276618848075158,3.027773197757114,0.6928568205903328,0.7762537504909003,1.0474517591121817,4.610921740678968,-0.0710851701098797,-0.0615370935400528,0.0184684672107062,0.0021485033877133,1.5482695566010067,1.7000786266366663
1,2,169207,True,-121.80134352192816,0.1781438799220523,0.2163368556149319,0.0255317210553794,0.0042855955447862,0.0113504173340632,0.8276618848075158,0.0139149739984976,0.6928568205903328,4.662765172784496e-11,1.0474517591121817,0.1005372120981639,-0.0710851701098797,-0.1232254144544617,0.0184684672107062,0.0842493672425554,1.5482695566010067,2.309817850041137
2,2,169207,True,-139.79305247365636,0.1711619120311759,0.2163368556149319,0.0609781576059059,0.0042855955447862,2.219213006712982,0.8276618848075158,1.8161661167789889,0.6928568205903328,0.4422148331836729,1.0474517591121817,5.930900401924556,-0.0710851701098797,-0.0443364659874584,0.0184684672107062,-0.051765388056843,1.5482695566010067,4.363118219375854
3,2,169207,True,-112.67529768146171,0.1817935385929124,0.2163368556149319,0.3880418516281532,0.0042855955447862,6.686296541360818e-05,0.8276618848075158,4.620112663851689,0.6928568205903328,0.6878476042560454,1.0474517591121817,9.205825733238898,-0.0710851701098797,-0.1275335465232889,0.0184684672107062,0.1563264067951024,1.5482695566010067,4.998487153876325
4,2,169207,True,-116.2563296888202,0.1803525940944003,0.2163368556149319,0.8574595353931785,0.0042855955447862,0.1393552987447049,0.8276618848075158,4.994556424465519,0.6928568205903328,0.2432251562200755,1.0474517591121817,5.857241040722408,-0.0710851701098797,-0.1066779529187945,0.0184684672107062,0.0363002642224298,1.5482695566010067,2.4733707578175874
0,2,183923,True,-70.5384122013425,0.1974874292795985,2.3131901787664666,0.0315528583409378,2.199186208480836,0.0018588592281548,0.3616978136448275,3.445476744161373e-09,2.354575059805493e-09,0.2093530160771717,8.98253537587588,0.11457107730885,-0.0093807618500012,-0.0288378686099521,-0.045053802471341,-0.0137807582289012,4.906425854758763,4.617921186232709
1,2,183923,True,-61.16198384443979,0.2018823956898937,2.3131901787664666,1.20919646706555,2.199186208480836,0.0261697451493179,0.3616978136448275,1.4639940056139784,2.354575059805493e-09,0.8508618092610856,8.98253537587588,6.8973216932958685,-0.0093807618500012,-0.0708254082894301,-0.045053802471341,0.0129443464866485,4.906425854758763,4.999811459429954
2,2,183923,True,-64.82592385684255,0.2001534915896598,2.3131901787664666,1.7606939900311902,2.199186208480836,0.2234985977864604,0.3616978136448275,0.026511084054045,2.354575059805493e-09,2.4914091426291192e-06,8.98253537587588,3.9582498792554848,-0.0093807618500012,-0.0434224415702209,-0.045053802471341,0.0436918016385022,4.906425854758763,4.999985036042079
3,2,183923,True,-34.178491922689695,0.2150836148140193,2.3131901787664666,0.0391764071688199,2.199186208480836,0.0087040547470287,0.3616978136448275,1.0187709079572876e-08,2.354575059805493e-09,0.3997262396359132,8.98253537587588,0.1000000089376172,-0.0093807618500012,-0.069423904542653,-0.045053802471341,0.0542806404597797,4.906425854758763,4.999973097286324
4,2,183923,True,-49.83153593684972,0.2073239661811732,2.3131901787664666,0.0416284997854424,2.199186208480836,0.0176445188435819,0.3616978136448275,0.0079402756602876,2.354575059805493e-09,0.999999985084994,8.98253537587588,0.1269706583185671,-0.0093807618500012,-0.0071350761311302,-0.045053802471341,0.0062754268221885,4.906425854758763,4.999999990319324
0,2,184189,True,-19.11042060814259,0.2222958086976321,0.355983038650419,0.1276511127838052,0.0255047767817928,0.0434117080473736,0.0470717897723177,4.942790409047021e-05,0.4261389353030653,0.3823430440532365,0.1010743845280302,0.1308913839956048,0.0800061036571533,0.0812997745371323,-0.1560659675726555,-0.1338643264850219,-4.994117877326709,-1.4286467931992386
1,2,184189,True,-13.67957506922978,0.2252310920552952,0.355983038650419,0.8955965822113785,0.0255047767817928,0.0243328255571628,0.0470717897723177,0.0005008555674201,0.4261389353030653,0.9910626447429524,0.1010743845280302,0.1006778586728315,0.0800061036571533,0.0881921604650003,-0.1560659675726555,-0.1619413019377333,-4.994117877326709,-4.997797360763486
2,2,184189,True,-2.465405971263195,0.2314153888744632,0.355983038650419,14.719711347316968,0.0255047767817928,0.5294038629236599,0.0470717897723177,0.2570676829810406,0.4261389353030653,0.4464882120537862,0.1010743845280302,1.8555008021266983,0.0800061036571533,0.0477422367107107,-0.1560659675726555,-0.0648352135153436,-4.994117877326709,-4.9727119238086
3,2,184189,True,-50.0983164965117,0.2062644279494027,0.355983038650419,0.0773959984136121,0.0255047767817928,0.0006014402982999,0.0470717897723177,0.116457128802964,0.4261389353030653,0.1910678254194643,0.1010743845280302,0.1000045824759657,0.0800061036571533,0.1285324236330553,-0.1560659675726555,-0.250615179030861,-4.994117877326709,-4.987332332335455
4,2,184189,True,-26.506369835805025,0.2183598423345653,0.355983038650419,1.456242040508571,0.0255047767817928,0.0059628034585412,0.0470717897723177,0.2118252748380528,0.4261389353030653,0.7180358401090869,0.1010743845280302,0.339203386507683,0.0800061036571533,0.1095264107255683,-0.1560659675726555,-0.1621215380924665,-4.994117877326709,-4.995516254024464
0,2,189058,True,-65.13302129100151,0.2012249659106457,2.323294380796653e-09,0.0351847450813399,0.0609070095000897,0.0538001203708305,4.9859504054376025,4.455936849852113,0.8060729427538248,0.6431701846088665,6.446559043624862,4.382688293255335,-0.0329383704151761,-0.0756905075546936,0.1313432108472721,0.2075908187477605,-4.999987034120182,3.837390755332332
1,2,189058,True,-114.58254153037058,0.1798347263761524,2.323294380796653e-09,9.476829562491428e-07,0.0609070095000897,0.072006802154994,4.9859504054376025,4.999821523804349,0.8060729427538248,0.700459334630718,6.446559043624862,6.777387892724094,-0.0329383704151761,-0.0145632864491023,0.1313432108472721,0.0844307354204518,-4.999987034120182,-4.999999999620612
2,2,189058,True,-111.49271928780104,0.1811020284560562,2.323294380796653e-09,2.0080245573024285,0.0609070095000897,0.2034316086365715,4.9859504054376025,4.592244295281224,0.8060729427538248,0.8560244474992214,6.446559043624862,7.132606504666226,-0.0329383704151761,-0.0743132579520138,0.1313432108472721,0.195235465505223,-4.999987034120182,-2.2583617994331577
3,2,189058,True,-131.82302252889903,0.172924542865137,2.323294380796653e-09,0.197635797470847,0.0609070095000897,0.1341016455508626,4.9859504054376025,1.925349653813367,0.8060729427538248,0.8999002630798941,6.446559043624862,3.58208915717855,-0.0329383704151761,-0.0341007958089732,0.1313432108472721,0.1530297618275557,-4.999987034120182,0.2237779153007928
4,2,189058,True,-127.61051388670649,0.1745880526724246,2.323294380796653e-09,0.0250044677321312,0.0609070095000897,0.0772649468343582,4.9859504054376025,1.5302198392817264e-08,0.8060729427538248,0.0125034718304589,6.446559043624862,0.1361175097197918,-0.0329383704151761,-0.0485522170512783,0.1313432108472721,0.1692489796721581,-4.999987034120182,-4.999997328871782
0,2,194491,True,-66.83911155054201,0.1962966568161518,8.202592343220847,7.868257222101648,0.0213936935292906,0.0789839684076838,0.7321870374487087,0.4268131843889427,0.8555392969193703,0.4452348656271094,9.994478005058724,4.150701338901175,0.0408360042926943,0.0171813626616608,-0.0258504230545753,-0.029561382823096,-4.999552683873682,-4.0604635892708
1,2,194491,True,-67.50120347465337,0.195968732969959,8.202592343220847,10.291731375936726,0.0213936935292906,0.0019424687305262,0.7321870374487087,0.6125199190980085,0.8555392969193703,0.7827232234227982,9.994478005058724,9.999943922300158,0.0408360042926943,0.0471433764974515,-0.0258504230545753,-0.03910686717546,-4.999552683873682,-4.9998396225738055
2,2,194491,True,-107.10385050305337,0.1773186570808367,8.202592343220847,0.0576208333993137,0.0213936935292906,2.659042786772734e-17,0.7321870374487087,0.0035298270395085,0.8555392969193703,0.8179726185102689,9.994478005058724,0.100037622086184,0.0408360042926943,0.0187823916326463,-0.0258504230545753,0.0260679385723644,-4.999552683873682,-2.390792938933973
3,2,194491,True,-37.224730508452254,0.2115393135020296,8.202592343220847,4.119643609584482,0.0213936935292906,0.1090986279627464,0.7321870374487087,0.2468083584083443,0.8555392969193703,0.8845611475537776,9.994478005058724,6.7916935072329245,0.0408360042926943,0.0103516362590045,-0.0258504230545753,0.0328095095586709,-4.999552683873682,-4.999016605495157
4,2,194491,True,-109.21254930446936,0.1763769452999997,8.202592343220847,9.982609705358628,0.0213936935292906,0.0003388122146306,0.7321870374487087,0.6018576033125231,0.8555392969193703,0.9291413794140054,9.994478005058724,6.908329053669005,0.0408360042926943,0.0640048624426626,-0.0258504230545753,-0.0960290236056698,-4.999552683873682,-4.999997835418501
0,2,203316,True,-196.8245988514905,0.1495025019984671,0.5199489612169365,0.542524497630325,0.0122852127365914,0.0106466417895525,0.0248251952858134,0.0127475897033216,2.484725648922276e-07,1.17283657281832e-07,0.1000140697390661,0.1000212314681006,-0.1125615144067966,-0.1618494452729231,0.0570329154957071,0.1622075005435832,-4.953474486460324,-3.995474953892556
1,2,203316,True,-221.78638257238032,0.1412933894303239,0.5199489612169365,0.6679724511375078,0.0122852127365914,0.0023239615127019,0.0248251952858134,0.0180968906425509,2.484725648922276e-07,0.6573919693883493,0.1000140697390661,0.1000177032287831,-0.1125615144067966,-0.1112441035178003,0.0570329154957071,0.0584157550668374,-4.953474486460324,-4.999999959684606
2,2,203316,True,-209.0715108399669,0.145416957201108,0.5199489612169365,0.640224926219047,0.0122852127365914,3.420104508391395e-18,0.0248251952858134,0.0300021495523781,2.484725648922276e-07,0.783010004363041,0.1000140697390661,0.1152486152136899,-0.1125615144067966,-0.1329150255770823,0.0570329154957071,0.0623725707336458,-4.953474486460324,-3.5207488796157675
3,2,203316,True,-259.68749985292806,0.1296825278920734,0.5199489612169365,0.555268871565416,0.0122852127365914,0.0116264357298282,0.0248251952858134,0.0119103694833253,2.484725648922276e-07,4.482370996571626e-19,0.1000140697390661,0.1000066908648235,-0.1125615144067966,-0.1559912879258902,0.0570329154957071,0.1272218668311183,-4.953474486460324,-4.6395308790882686
4,2,203316,True,-166.71264943473622,0.1600425489562871,0.5199489612169365,7.635020991780628,0.0122852127365914,0.0001152739248824,0.0248251952858134,0.3794175974106037,2.484725648922276e-07,0.9600702221470042,0.1000140697390661,1.9781630620883988,-0.1125615144067966,-0.1531949487555797,0.0570329154957071,0.0959286024224385,-4.953474486460324,-2.847623787073648
0,2,298043,True,-12.324447531037542,0.2264758077234837,0.0983921773815876,0.2443614925748198,0.0079490940879702,0.0020343906993635,4.561378793559853e-06,0.0301406157749795,0.2425012512373062,0.2823965007588958,0.1000000000007742,0.1005581197702964,0.0193059848331849,0.013180712917743,-0.1277555974470188,-0.0753747768716937,-1.3222449720341352,-4.999235097032229
1,2,298043,True,-54.31935385237583,0.2053096218199322,0.0983921773815876,0.2529742190994253,0.0079490940879702,7.754572268563791e-05,4.561378793559853e-06,0.0991752835168538,0.2425012512373062,0.6726577176642342,0.1000000000007742,0.2440307052088024,0.0193059848331849,0.042481590563101,-0.1277555974470188,-0.1661138143917334,-1.3222449720341352,-1.8493567696352096
2,2,298043,True,-36.37132397997349,0.2141022788254204,0.0983921773815876,0.7007814555179962,0.0079490940879702,0.081153216926701,4.561378793559853e-06,0.1517565415226855,0.2425012512373062,5.848573676525388e-11,0.1000000000007742,0.514245831897114,0.0193059848331849,-0.039882053093461,-0.1277555974470188,0.0029707006989656,-1.3222449720341352,-4.62203615999581
3,2,298043,True,-33.07843890223263,0.21575586115325,0.0983921773815876,1.2196297619345835,0.0079490940879702,0.7669214679171953,4.561378793559853e-06,0.0092479505897579,0.2425012512373062,0.0707599628125887,0.1000000000007742,4.241004584905305,0.0193059848331849,0.0217761616659318,-0.1277555974470188,-0.2199379615218286,-1.3222449720341352,1.2423463308846991
4,2,298043,True,-46.56665153854163,0.2090624435903353,0.0983921773815876,1.5851651875751158,0.0079490940879702,0.053656563447348,4.561378793559853e-06,9.977990205911776e-07,0.2425012512373062,0.0931253834645746,0.1000000000007742,0.7938952420344956,0.0193059848331849,-0.0004977254327183,-0.1277555974470188,-0.0613166445255741,-1.3222449720341352,-2.410574072903903
0,2,372056,True,-36.00946101865136,0.2103991343807311,2.8845588344201076e-08,0.0789359297704374,0.0143113022148781,0.3125780476031544,0.0110006235416889,1.5347641591714958,0.9999997416422164,0.8634069821948553,0.1000438488555158,8.64717053845628,-0.1900316789700583,-0.1997295762219391,0.1354006968517144,0.129401708492291,-4.999999958540703,-4.968490688238084
1,2,372056,True,-53.42481568254115,0.2007762084872262,2.8845588344201076e-08,0.0371783219614657,0.0143113022148781,0.022353858119717,0.0110006235416889,2.1372084481697292e-11,0.9999997416422164,3.145365021454167e-07,0.1000438488555158,0.1000024897485354,-0.1900316789700583,-0.1250411069476731,0.1354006968517144,0.0236754833236386,-4.999999958540703,-4.999999999954372
2,2,372056,True,-55.16978604571044,0.1998366167864116,2.8845588344201076e-08,0.2529991595060055,0.0143113022148781,0.4863971555760191,0.0110006235416889,0.2577570734900056,0.9999997416422164,4.278435675734912e-06,0.1000438488555158,8.710442431496523,-0.1900316789700583,-0.2364828751451327,0.1354006968517144,0.1780115481176545,-4.999999958540703,2.763552824491426
3,2,372056,True,-38.33724647308622,0.209086675000103,2.8845588344201076e-08,0.0341926220864226,0.0143113022148781,0.0193166734822746,0.0110006235416889,1.70787856455031e-10,0.9999997416422164,0.3533908352462713,0.1000438488555158,0.1003012775680546,-0.1900316789700583,-0.2494863019647101,0.1354006968517144,0.2507125596494794,-4.999999958540703,-4.998943100010468
4,2,372056,True,-27.14524134162429,0.2154728497168589,2.8845588344201076e-08,0.0015167685751974,0.0143113022148781,0.0194628480670816,0.0110006235416889,2.6102365923082854e-12,0.9999997416422164,0.221875350813663,0.1000438488555158,0.1018708897755819,-0.1900316789700583,-0.1227752021008641,0.1354006968517144,0.0413541988667742,-4.999999958540703,-4.998381838904808
0,2,469417,True,-18.321659465240025,0.2221692510299975,4.19228814986489,19.60422543549513,1.081355627785823,0.1482596770978441,2.037517010906268,4.974730333726843,0.6536689250787759,0.6124396970106986,7.103437733414563,7.382925518729105,0.078213725358845,0.1385671886755912,-0.2161210680905584,-0.3181051948719316,-0.4693618785204657,-4.998343512661629
1,2,469417,True,-6.769208552382175,0.228646449871338,4.19228814986489,0.6295451235663387,1.081355627785823,0.4696084685138906,2.037517010906268,0.5348747888428048,0.6536689250787759,0.695134753826131,7.103437733414563,2.917701387376233,0.078213725358845,0.0328671729975802,-0.2161210680905584,-0.1599580933132073,-0.4693618785204657,1.0871737136696318
2,2,469417,True,-22.50515018499125,0.2198691925261677,4.19228814986489,15.902114482069686,1.081355627785823,0.0040169437264352,2.037517010906268,1.129388089157537,0.6536689250787759,0.772476511582753,7.103437733414563,4.074610040673944,0.078213725358845,0.0824828096942061,-0.2161210680905584,-0.1944406606340143,-0.4693618785204657,-4.027034854202153
3,2,469417,True,0.7370732376675804,0.2329559235293951,4.19228814986489,1.4408934977133642e-08,1.081355627785823,6.199140768151524,2.037517010906268,2.7016854590178503e-05,0.6536689250787759,0.0020486160623586,7.103437733414563,9.982574427376976,0.078213725358845,0.120940561596397,-0.2161210680905584,-0.2784888621126608,-0.4693618785204657,-4.999998675863463
4,2,469417,True,12.125953184062608,0.2396500689698109,4.19228814986489,4.377433364370899e-11,1.081355627785823,0.0086515732328588,2.037517010906268,0.0866330769725908,0.6536689250787759,0.3126461569689501,7.103437733414563,0.1001794224021105,0.078213725358845,0.1631207520004041,-0.2161210680905584,-0.3086797385049848,-0.4693618785204657,0.9680945662204772
0,2,551900,True,-205.23439132488957,0.1476714656233965,0.145266759930593,0.3357339475787733,0.0001877922494581,0.0007418459146877,0.0329498380302317,0.0341979473921658,0.5874939650484831,0.4426958727165321,0.1001561150082383,0.100080554627427,-0.0937871814608599,-0.1334224981290633,0.0411936628499214,0.0936918637043562,-2.24658347446122,-4.995859348565331
1,2,551900,True,-226.49596865461564,0.1408268471683427,0.145266759930593,0.1022036544771969,0.0001877922494581,2.065380582695057e-09,0.0329498380302317,0.0111828110118272,0.5874939650484831,0.8694528951080804,0.1001561150082383,0.1356553644059702,-0.0937871814608599,-0.1239959086366602,0.0411936628499214,0.1251528765762964,-2.24658347446122,0.2486496393067526
2,2,551900,True,-194.11262775372344,0.1513833474515498,0.145266759930593,0.1761499855316952,0.0001877922494581,6.230032034745883e-12,0.0329498380302317,0.0024080913662014,0.5874939650484831,0.7508280360732088,0.1001561150082383,0.1019558941082759,-0.0937871814608599,-0.1376570241293946,0.0411936628499214,0.102259996004731,-2.24658347446122,-1.4907114988542138
3,2,551900,True,-204.49558991694244,0.1479151930677267,0.145266759930593,0.6005492794331768,0.0001877922494581,0.0006922462001953,0.0329498380302317,0.0233062221768862,0.5874939650484831,0.4563893328206843,0.1001561150082383,0.1000589510996171,-0.0937871814608599,-0.0920746476047895,0.0411936628499214,0.0113964735107365,-2.24658347446122,-4.801859001968816
4,2,551900,True,-247.4526695214879,0.1343909045486555,0.145266759930593,0.2650052054084624,0.0001877922494581,0.0112701628040126,0.0329498380302317,0.4151843660650475,0.5874939650484831,0.6480496295012417,0.1001561150082383,0.7550723741268047,-0.0937871814608599,-0.1080544020335526,0.0411936628499214,0.0488053213393673,-2.24658347446122,0.4883558556555201
0,2,555268,True,-83.2303438107915,0.1904005336198216,8.62490351448912,6.051677932603501,0.0421435564943501,0.0323869589760255,1.1121892644283766,4.974290629951987,0.8020726156098934,0.6416918743641504,4.672494775986841,5.946302506251884,0.071009131614768,0.1071642326112681,-0.1287329757895144,-0.2046443801211389,-1.6892420771774928,-4.921265740781572
1,2,555268,True,-96.18393038859398,0.1845353545149316,8.62490351448912,19.752724111568348,0.0421435564943501,0.006431495857976,1.1121892644283766,3.3235053099912437,0.8020726156098934,0.534973565971911,4.672494775986841,4.713702932354785,0.071009131614768,0.0652909425694245,-0.1287329757895144,-0.0817454260324653,-1.6892420771774928,-4.959218356547102
2,2,555268,True,-111.5581864051092,0.1778081543319301,8.62490351448912,0.5514190777649324,0.0421435564943501,0.0148648381142566,1.1121892644283766,9.278785808160988e-06,0.8020726156098934,0.2830965618674141,4.672494775986841,0.2391139044373576,0.071009131614768,0.0660624160926838,-0.1287329757895144,-0.1520543936252616,-1.6892420771774928,-2.1152038187395825
3,2,555268,True,-111.89073045780326,0.177665387899559,8.62490351448912,10.136717708444989,0.0421435564943501,0.0876153627989886,1.1121892644283766,1.5353692993473198,0.8020726156098934,0.7907689725176514,4.672494775986841,9.920615667264585,0.071009131614768,0.1306959313839912,-0.1287329757895144,-0.2173915627087817,-1.6892420771774928,-0.4666423663090965
4,2,555268,True,-105.0756098182877,0.180614257304137,8.62490351448912,19.70494883506716,0.0421435564943501,0.0011743959249279,1.1121892644283766,1.677294606489376,0.8020726156098934,0.4470101736014389,4.672494775986841,3.6352501849046535,0.071009131614768,0.1022603012291411,-0.1287329757895144,-0.1470272162629406,-1.6892420771774928,-4.986221052927108
0,2,611856,True,-209.8005795839868,0.1477914827323501,1.7292380455511074,18.896937262150235,0.0458920356589685,0.023154684697172,0.029772168311441,4.919130936961724,0.4432368857357811,0.5024585098105971,0.1000046346363047,2.078816719087917,0.1269283872555824,0.0771963641371719,0.0564043106387368,0.1150559269303711,-4.717859121801389,-4.829556871526006
1,2,611856,True,-110.256951467661,0.1836710794181648,1.7292380455511074,11.937102541494353,0.0458920356589685,1.0201349474042132,0.029772168311441,1.8368406073878276,0.4432368857357811,0.8026544146210285,0.1000046346363047,2.628486937313538,0.1269283872555824,0.1232636240272387,0.0564043106387368,0.0676560245339014,-4.717859121801389,-2.51851735604212
2,2,611856,True,-127.56000222310377,0.1768615033370019,1.7292380455511074,2.1637555264946298,0.0458920356589685,0.0001489497630728,0.029772168311441,0.0735281556122657,0.4432368857357811,0.6082418528623008,0.1000046346363047,0.1008118197486676,0.1269283872555824,0.196259585552995,0.0564043106387368,-0.0988912848748991,-4.717859121801389,-4.999976319478705
3,2,611856,True,-179.24217661556995,0.1579887430128583,1.7292380455511074,1.797548419056695,0.0458920356589685,0.0273142428921752,0.029772168311441,1.2916744861894488e-10,0.4432368857357811,0.0790739361911248,0.1000046346363047,0.1002208307281478,0.1269283872555824,0.0879000233896806,0.0564043106387368,0.1283511358741931,-4.717859121801389,-4.999999960679191
4,2,611856,True,-190.39954730935648,0.1541864697320259,1.7292380455511074,1.5183311765808911,0.0458920356589685,0.0166330021829515,0.029772168311441,0.1226205301719091,0.4432368857357811,0.3488711878743138,0.1000046346363047,0.1000446554376042,0.1269283872555824,0.1338515248706644,0.0564043106387368,-0.0022893470416111,-4.717859121801389,-4.605368873115844
0,2,624708,True,53.78152500776645,0.266988646178089,3.134335501308092e-11,0.0086985540131512,0.0211055693226153,0.0235064895922663,2.7118786462468627,0.0005783843066706,0.8212819572644515,0.9896107667052356,6.934313395272449,0.4160459594025358,0.0973476111043746,0.0785754564685698,-0.1134603483710796,-0.1375544138738784,-4.999999580092015,4.997540059145375
1,2,624708,True,31.664101623857874,0.2520452606377468,3.134335501308092e-11,0.0001785773548882,0.0211055693226153,0.1597077026948178,2.7118786462468627,4.182954529141615,0.8212819572644515,0.7697603813457332,6.934313395272449,9.993216255906788,0.0973476111043746,0.0564578302181773,-0.1134603483710796,-0.0693382782747772,-4.999999580092015,-4.999999067431175
2,2,624708,True,53.25666739911748,0.2666239709195567,3.134335501308092e-11,1.1331628166211458,0.0211055693226153,0.2213300023911615,2.7118786462468627,3.487443610621205,0.8212819572644515,0.8473774337276309,6.934313395272449,9.453986256653424,0.0973476111043746,0.1127568711083736,-0.1134603483710796,-0.169921138056561,-4.999999580092015,-4.53433600228426
3,2,624708,True,41.11494678215874,0.2583254574738955,3.134335501308092e-11,0.1555710357445185,0.0211055693226153,2.824343695808023e-15,2.7118786462468627,0.0951037691785008,0.8212819572644515,0.5148365886061268,6.934313395272449,0.2953790079048974,0.0973476111043746,0.0025852461043504,-0.1134603483710796,-0.0192073910737728,-4.999999580092015,-4.999999091086236
4,2,624708,True,1.2614153172436031,0.2328594411888117,3.134335501308092e-11,4.959453194167331e-06,0.0211055693226153,0.0055687990465734,2.7118786462468627,3.1839223222047504,0.8212819572644515,0.7397238785411615,6.934313395272449,9.9999121089203,0.0973476111043746,0.0976967248690595,-0.1134603483710796,-0.0495019246788551,-4.999999580092015,-4.9999975884380685
0,2,742322,True,-79.28290022388518,0.1936772564441764,0.1141194811721128,4.519074266641145,0.0005657229842413,0.0670523099099787,0.0276793673760863,1.8095977260525031,0.5845672383812935,0.6241430834085908,0.1000000000006423,5.022895718009517,0.0158997107840704,0.014836455917216,0.0760919161441032,0.0558476519190387,-4.999999994912468,-4.999089031099457
1,2,742322,True,-104.45258825813283,0.1826159775853824,0.1141194811721128,0.5195239904941663,0.0005657229842413,0.0047279010446698,0.0276793673760863,0.0561379293471952,0.5845672383812935,0.9813761525137884,0.1000000000006423,0.5967095042217027,0.0158997107840704,0.0020522057328937,0.0760919161441032,0.0750221270783667,-4.999999994912468,-4.926937350742533
2,2,742322,True,-78.21450328225617,0.1941613281058702,0.1141194811721128,5.217439782611998,0.0005657229842413,0.0013332809738785,0.0276793673760863,0.0597274532646478,0.5845672383812935,0.9594566527522648,0.1000000000006423,2.567525518911192,0.0158997107840704,-0.065947768507452,0.0760919161441032,0.1630496616506657,-4.999999994912468,-2.710231547755683
3,2,742322,True,-116.22461643711289,0.1776616193290731,0.1141194811721128,0.1081958065499862,0.0005657229842413,0.0049405561113166,0.0276793673760863,0.0208841937551817,0.5845672383812935,2.271159308507895e-10,0.1000000000006423,0.1000271441467302,0.0158997107840704,0.0286287066441264,0.0760919161441032,0.0720631723731879,-4.999999994912468,-4.995829009748017
4,2,742322,True,-78.1744022794285,0.1941795206963661,0.1141194811721128,0.0018530689539585,0.0005657229842413,0.0015387268565555,0.0276793673760863,0.0434722027346622,0.5845672383812935,0.5646499402127659,0.1000000000006423,0.100053955737503,0.0158997107840704,0.0461405816572775,0.0760919161441032,-0.0008327281725435,-4.999999994912468,-4.935229865004498
0,2,753780,True,-3.632680980993541,0.2298489359568009,0.3463760692806447,4.438666448468777,0.0053693790229191,0.0356624937335804,0.0003576073336269,0.3920768089803988,5.946980746415927e-05,0.8860971624794958,0.1001093633689831,3.310086316451103,0.0378067895403093,0.040895471834256,0.0423020261786172,-0.0164704237168524,-4.999999763239563,-4.161940094413436
1,2,753780,True,4.157877191214553,0.2345846314044347,0.3463760692806447,2.338914997624951,0.0053693790229191,0.2004338790707658,0.0003576073336269,1.3262992789967134e-06,5.946980746415927e-05,4.001641224390781e-12,0.1001093633689831,1.1977020137056804,0.0378067895403093,0.0605311242996348,0.0423020261786172,-0.0120083734228405,-4.999999763239563,-4.999991379819563
2,2,753780,True,-12.06756993355386,0.2248292964501079,0.3463760692806447,0.1347652237438767,0.0053693790229191,0.0101210381042443,0.0003576073336269,7.31030312539918e-08,5.946980746415927e-05,0.4989879428539915,0.1001093633689831,0.1000222183126243,0.0378067895403093,0.0755838713475097,0.0423020261786172,-0.0873463908913495,-4.999999763239563,-2.499507858164155
3,2,753780,True,14.077470114810396,0.2407559933900033,0.3463760692806447,0.7602751444527484,0.0053693790229191,0.0061822323483863,0.0003576073336269,8.525188817576874e-13,5.946980746415927e-05,9.228329707261901e-13,0.1001093633689831,0.1008591480553976,0.0378067895403093,0.0568464720898487,0.0423020261786172,0.0179123883941617,-4.999999763239563,-4.99999999999927
4,2,753780,True,18.268859975659392,0.2434121676861353,0.3463760692806447,0.1780716877088219,0.0053693790229191,0.0005939694501361,0.0003576073336269,0.0183848790107125,5.946980746415927e-05,1.077225862246668e-07,0.1001093633689831,0.1005476752946835,0.0378067895403093,0.0491917215101115,0.0423020261786172,0.0315882342778947,-4.999999763239563,-4.973581854644761
0,2,815266,True,-296.88604955980423,0.1218344466270568,4.099858964375952,4.541833821786434,0.0042401601313222,0.0764090587634889,4.038353801687932,1.3624684969370824,0.4750780092943412,0.796525377679769,9.790550284933374,9.992403463896611,-0.0945105988782122,-0.0933753943559719,0.0345519838211139,0.0303088627621598,0.2563847273040385,0.7359738366518139
1,2,815266,True,-272.2709170930269,0.1285918817605595,4.099858964375952,4.888792426775646,0.0042401601313222,0.0023912254051744,4.038353801687932,4.933856513741268,0.4750780092943412,0.1947042579738131,9.790550284933374,9.927265927453384,-0.0945105988782122,-0.0958157123502978,0.0345519838211139,0.0387113616961651,0.2563847273040385,-0.4951700897744334
2,2,815266,True,-308.64400084167943,0.1187331036145946,4.099858964375952,6.750918395326581,0.0042401601313222,0.0109755603491831,4.038353801687932,2.918297484555485,0.4750780092943412,0.8051040691973609,9.790550284933374,9.98881901134916,-0.0945105988782122,-0.0910171706728213,0.0345519838211139,0.0202323623614424,0.2563847273040385,-1.2204006819273845
3,2,815266,True,-322.43786786060554,0.1151952412788901,4.099858964375952,6.16905854068381,0.0042401601313222,0.0267529802028143,4.038353801687932,1.5459697266227566,0.4750780092943412,0.7157726379157688,9.790550284933374,9.999484370287504,-0.0945105988782122,-0.1022768388817018,0.0345519838211139,0.0601174440616717,0.2563847273040385,0.0361394882156437
4,2,815266,True,-284.72263498691166,0.1251280087232898,4.099858964375952,0.0205246848142448,0.0042401601313222,0.0004813183712433,4.038353801687932,0.057915483319995,0.4750780092943412,0.4281191759322914,9.790550284933374,0.100030939493958,-0.0945105988782122,-0.0688549636569566,0.0345519838211139,0.0283639277947409,0.2563847273040385,0.2995437596464333
0,2,885939,True,-3.8087875207032056,0.2305034422055463,1.1727893963266409e-07,1.9962286091576509,0.0111722338341144,0.0075785513905506,4.799333504404207,1.2607477285116824,0.727104437542916,0.7225264179729995,3.868970812983666,1.191758291001773,0.0497945382620809,-0.0173383281171453,-0.0876158294251377,-0.0048603508862231,-4.999999992060311,-3.496242905882115
1,2,885939,True,-23.254825334172786,0.2197749215070699,1.1727893963266409e-07,9.239615326378514e-05,0.0111722338341144,3.7345458314955366e-05,4.799333504404207,4.99805273911736,0.727104437542916,0.855288720088486,3.868970812983666,4.007789249647608,0.0497945382620809,0.1023670687000485,-0.0876158294251377,-0.2235509995316446,-4.999999992060311,-4.999990737587661
2,2,885939,True,33.86810554314604,0.2528031498661647,1.1727893963266409e-07,4.6803011593530455,0.0111722338341144,4.652021769181655,4.799333504404207,2.266102836179408,0.727104437542916,0.8639411145390687,3.868970812983666,6.008846755220589,0.0497945382620809,0.0124740208493883,-0.0876158294251377,-0.028712653042596,-4.999999992060311,-4.996737531821272
3,2,885939,True,-11.524825787149735,0.2261851558392021,1.1727893963266409e-07,0.1525944780191511,0.0111722338341144,7.556239333468624e-10,4.799333504404207,4.996426581557523,0.727104437542916,0.7516994593669045,3.868970812983666,3.761723163504445,0.0497945382620809,0.0348604026145057,-0.0876158294251377,-0.0887346765452781,-4.999999992060311,4.337645488219936
4,2,885939,True,-35.055073313215644,0.2135095926633101,1.1727893963266409e-07,0.1266364233129997,0.0111722338341144,0.196235064040256,4.799333504404207,4.709257821573149,0.727104437542916,0.7551239082666651,3.868970812983666,7.040334325870424,0.0497945382620809,0.0567184923672311,-0.0876158294251377,-0.1060384838560652,-4.999999992060311,4.905488084226637
0,2,898122,True,-22.136998798753737,0.2199662771190919,0.3931413830016703,2.600761209503122,7.28232261911514e-05,0.0029619323971865,0.1247007500300737,0.3867701657010202,1.1915206586460232e-14,0.1260217897955712,0.6172976439312237,3.0586244004066,-0.0570761595059561,-0.1147036366196705,-0.0792678639495745,-0.0103649174051799,-4.785800067293012,-4.382179983219185
1,2,898122,True,-13.04345367204515,0.2250242359186041,0.3931413830016703,13.808073701276818,7.28232261911514e-05,0.0007002574077623,0.1247007500300737,1.8934146065821456,1.1915206586460232e-14,1.046665084251327e-08,0.6172976439312237,7.55801777892895,-0.0570761595059561,-0.1432249901607387,-0.0792678639495745,0.0924584997648118,-4.785800067293012,-4.686999633420808
2,2,898122,True,-54.93095613073146,0.2026518243397725,0.3931413830016703,0.1515778757046946,7.28232261911514e-05,0.0002964823364575,0.1247007500300737,0.0118493114379686,1.1915206586460232e-14,0.143876461632324,0.6172976439312237,0.1001332307318463,-0.0570761595059561,-0.0756742107872536,-0.0792678639495745,-0.0101455330812743,-4.785800067293012,-4.999999728503476
3,2,898122,True,-58.25237023886852,0.2009760647615913,0.3931413830016703,0.2189909653841708,7.28232261911514e-05,1.5943297725522025e-15,0.1247007500300737,0.0713847733991765,1.1915206586460232e-14,1.314218760069777e-19,0.6172976439312237,0.2945134087384717,-0.0570761595059561,-0.067566815349288,-0.0792678639495745,-0.0584974073384692,-4.785800067293012,-4.909695881953736
4,2,898122,True,-33.108496255162315,0.214014871401891,0.3931413830016703,0.3407305250237924,7.28232261911514e-05,0.0038108392629492,0.1247007500300737,0.2509493581582729,1.1915206586460232e-14,3.5539611497163465e-06,0.6172976439312237,1.7361513760304923,-0.0570761595059561,-0.0947839530355229,-0.0792678639495745,0.0140818015979248,-4.785800067293012,-1.3783940881724754
