dataset,grouping,subID,condition,n_trials,ct_slope,sdi_slope
manuscript_exp1_dynamic,current_coherence_label,026578,High,106,-0.4012275954122432,-0.04260760098811161
manuscript_exp1_dynamic,current_coherence_label,026578,Low,95,-0.3809731339773868,0.043357419999608154
manuscript_exp1_dynamic,current_coherence_label,109550,High,106,-0.8247854702281099,0.020245107554743402
manuscript_exp1_dynamic,current_coherence_label,109550,Low,107,-0.8626504334206848,-0.05418891429944035
manuscript_exp1_dynamic,current_coherence_label,199724,High,110,-0.6879551746598218,0.04270154754476414
manuscript_exp1_dynamic,current_coherence_label,199724,Low,103,-0.7319810613642226,0.10849113586564665
manuscript_exp1_dynamic,current_coherence_label,241220,High,100,-0.3617003628073748,-0.06901373919871932
manuscript_exp1_dynamic,current_coherence_label,241220,Low,90,-0.1019114505201512,0.03719661218014208
manuscript_exp1_dynamic,current_coherence_label,243787,High,92,-0.43071598194547916,0.01340700446949868
manuscript_exp1_dynamic,current_coherence_label,243787,Low,102,-0.5441853068427516,0.1289281419540227
manuscript_exp1_dynamic,current_coherence_label,312070,High,106,-0.13354888481570035,0.011347013649946345
manuscript_exp1_dynamic,current_coherence_label,312070,Low,105,-0.23762521061648864,0.08527605803811827
manuscript_exp1_dynamic,current_coherence_label,328537,High,102,-0.160599633177436,0.06831731690699461
manuscript_exp1_dynamic,current_coherence_label,328537,Low,109,-0.24439562990983765,0.04158410972940137
manuscript_exp1_dynamic,current_coherence_label,349889,High,104,-0.0642444854649881,0.0976139008627773
manuscript_exp1_dynamic,current_coherence_label,349889,Low,108,-0.28945022156209144,0.1543526656084247
manuscript_exp1_dynamic,current_coherence_label,384894,High,116,-0.3758955109807446,0.009093485432020262
manuscript_exp1_dynamic,current_coherence_label,384894,Low,104,-0.45604864771492226,0.13113785438554001
manuscript_exp1_dynamic,current_coherence_label,658375,High,108,-0.6125176201177404,0.01669251069315865
manuscript_exp1_dynamic,current_coherence_label,658375,Low,98,-0.5621876032583827,0.013251831686809951
manuscript_exp1_dynamic,current_coherence_label,730111,High,107,-0.4944237848157722,0.09880190412482695
manuscript_exp1_dynamic,current_coherence_label,730111,Low,110,-0.32001644873895874,0.07881750396582927
manuscript_exp1_dynamic,current_coherence_label,743968,High,113,-0.354346208996187,0.0896682580638094
manuscript_exp1_dynamic,current_coherence_label,743968,Low,116,-0.26715110345717397,0.032351479507904186
manuscript_exp1_dynamic,current_coherence_label,785063,High,112,-0.03084603383471607,0.02937869522024712
manuscript_exp1_dynamic,current_coherence_label,785063,Low,110,-0.013760078639297683,0.04694204504786546
manuscript_exp1_dynamic,current_coherence_label,785667,High,92,-0.5923303670275251,0.05155564147419496
manuscript_exp1_dynamic,current_coherence_label,785667,Low,96,-0.45348933819187887,0.18484894014541936
manuscript_exp1_dynamic,current_coherence_label,787955,High,117,-0.5589258607219065,0.04846563778486966
manuscript_exp1_dynamic,current_coherence_label,787955,Low,112,-0.5669155702997997,0.02814741172356446
manuscript_exp1_dynamic,current_coherence_label,803870,High,98,-0.41821367554247113,-0.09176165331185096
manuscript_exp1_dynamic,current_coherence_label,803870,Low,106,-0.4659088668679563,-0.020290028886888543
manuscript_exp1_dynamic,current_coherence_label,820531,High,115,-0.49585808038177737,0.037253596981137505
manuscript_exp1_dynamic,current_coherence_label,820531,Low,114,-0.5822710717334683,0.013795274235557146
manuscript_exp1_dynamic,current_coherence_label,828098,High,107,-0.37501541108985864,-0.054452532321591654
manuscript_exp1_dynamic,current_coherence_label,828098,Low,112,-0.032190276433912084,0.08806513173346395
manuscript_exp1_dynamic,current_coherence_label,882052,High,107,-0.3194342119459361,0.015005707367805425
manuscript_exp1_dynamic,current_coherence_label,882052,Low,105,-0.18901462763063392,0.0960832720593951
manuscript_exp1_dynamic,current_coherence_label,897347,High,112,-0.28779336991257265,0.0006210063020924868
manuscript_exp1_dynamic,current_coherence_label,897347,Low,116,-0.35540678068376974,0.07444056341779434
manuscript_exp1_dynamic,current_coherence_label,919598,High,114,-0.23573086932144194,-0.001189976588110063
manuscript_exp1_dynamic,current_coherence_label,919598,Low,116,-0.30450957806661694,0.05435998601615856
manuscript_exp1_dynamic,current_coherence_label,994851,High,104,-0.29289109236437155,-0.020434211492837702
manuscript_exp1_dynamic,current_coherence_label,994851,Low,111,-0.3836630565131198,0.053563005756350576
manuscript_exp1_dynamic,same_switch_label,026578,Same,104,-0.4574900073064848,0.020571034082605577
manuscript_exp1_dynamic,same_switch_label,026578,Switch,97,-0.3170198253451454,-0.016726702417167217
manuscript_exp1_dynamic,same_switch_label,109550,Same,101,-0.782688361809046,0.023483095477386477
manuscript_exp1_dynamic,same_switch_label,109550,Switch,112,-0.8938011396217597,-0.03498988147265551
manuscript_exp1_dynamic,same_switch_label,199724,Same,115,-0.7982001423156777,0.05753009686179243
manuscript_exp1_dynamic,same_switch_label,199724,Switch,98,-0.5972846038084119,0.06392943297398104
manuscript_exp1_dynamic,same_switch_label,241220,Same,92,-0.2091757109493063,-0.011584040173979293
manuscript_exp1_dynamic,same_switch_label,241220,Switch,98,-0.24961260561837306,-0.02731688978432359
manuscript_exp1_dynamic,same_switch_label,243787,Same,94,-0.531141558181404,0.05647829062486423
manuscript_exp1_dynamic,same_switch_label,243787,Switch,100,-0.4596934371726475,0.08878608304920078
manuscript_exp1_dynamic,same_switch_label,312070,Same,100,-0.16977274056375138,0.10018558685190988
manuscript_exp1_dynamic,same_switch_label,312070,Switch,111,-0.20210491921379334,-0.0030584934987781948
manuscript_exp1_dynamic,same_switch_label,328537,Same,104,-0.2754423488877078,0.08986149696039099
manuscript_exp1_dynamic,same_switch_label,328537,Switch,107,-0.14257525118638073,0.02541343643366059
manuscript_exp1_dynamic,same_switch_label,349889,Same,101,-0.1363950744549556,0.13073991364559578
manuscript_exp1_dynamic,same_switch_label,349889,Switch,111,-0.2225374955602382,0.12712235875019878
manuscript_exp1_dynamic,same_switch_label,384894,Same,101,-0.4272535739266792,-0.012787891394688701
manuscript_exp1_dynamic,same_switch_label,384894,Switch,119,-0.38989450407731496,0.10797346481376241
manuscript_exp1_dynamic,same_switch_label,658375,Same,102,-0.48713595469739357,0.06205105918778059
manuscript_exp1_dynamic,same_switch_label,658375,Switch,104,-0.6175434817775475,0.002030055100395313
manuscript_exp1_dynamic,same_switch_label,730111,Same,107,-0.45446502685981516,0.044490068988979635
manuscript_exp1_dynamic,same_switch_label,730111,Switch,110,-0.3565924426450742,0.12781376518218648
manuscript_exp1_dynamic,same_switch_label,743968,Same,125,-0.2998633052982615,0.04051475057587986
manuscript_exp1_dynamic,same_switch_label,743968,Switch,104,-0.3181363476268558,0.07984525635539298
manuscript_exp1_dynamic,same_switch_label,785063,Same,109,-0.05083584560604194,0.0550893190004141
manuscript_exp1_dynamic,same_switch_label,785063,Switch,113,0.003722581060689876,0.04639268429575669
manuscript_exp1_dynamic,same_switch_label,785667,Same,90,-0.5265752803708263,0.04887655784724799
manuscript_exp1_dynamic,same_switch_label,785667,Switch,98,-0.5399732267594275,0.1597903191880124
manuscript_exp1_dynamic,same_switch_label,787955,Same,113,-0.5076006238046562,0.045758299103894916
manuscript_exp1_dynamic,same_switch_label,787955,Switch,116,-0.5937209863881384,0.02806587782558439
manuscript_exp1_dynamic,same_switch_label,803870,Same,89,-0.42479667018744927,-0.057257379357890506
manuscript_exp1_dynamic,same_switch_label,803870,Switch,115,-0.45337114930575645,-0.03212939311700061
manuscript_exp1_dynamic,same_switch_label,820531,Same,126,-0.5439495072230193,0.017087547062824886
manuscript_exp1_dynamic,same_switch_label,820531,Switch,103,-0.5017520925033792,0.09515107470049344
manuscript_exp1_dynamic,same_switch_label,828098,Same,100,-0.22315351020756496,0.11651847556646455
manuscript_exp1_dynamic,same_switch_label,828098,Switch,119,-0.13670959263365556,-0.011750432807447513
manuscript_exp1_dynamic,same_switch_label,882052,Same,101,-0.25584075981578025,0.03244109667902309
manuscript_exp1_dynamic,same_switch_label,882052,Switch,111,-0.24387825680798647,0.0836845270206872
manuscript_exp1_dynamic,same_switch_label,897347,Same,105,-0.3914986246072612,0.03629473255022344
manuscript_exp1_dynamic,same_switch_label,897347,Switch,123,-0.23951998336199326,0.022678566899497217
manuscript_exp1_dynamic,same_switch_label,919598,Same,109,-0.25976220860703064,0.06479592249976873
manuscript_exp1_dynamic,same_switch_label,919598,Switch,121,-0.2813722068358312,-0.00814072040365165
manuscript_exp1_dynamic,same_switch_label,994851,Same,97,-0.3367656930333815,-0.03496638017053665
manuscript_exp1_dynamic,same_switch_label,994851,Switch,118,-0.34310289473301164,0.03425814280100734
manuscript_exp2_fixed,current_coherence_label,002046,High,111,-0.6500679956315486,-0.029230351937670408
manuscript_exp2_fixed,current_coherence_label,002046,Low,111,-0.5550212902871459,0.09209196350109253
manuscript_exp2_fixed,current_coherence_label,062573,High,112,-0.6302527308644273,0.04034399959109947
manuscript_exp2_fixed,current_coherence_label,062573,Low,109,-0.5725732892052511,0.17851921769744508
manuscript_exp2_fixed,current_coherence_label,082622,High,116,-0.38151280424670486,0.1680987206963071
manuscript_exp2_fixed,current_coherence_label,082622,Low,114,-0.3872914914947606,0.025737633978628195
manuscript_exp2_fixed,current_coherence_label,118354,High,109,-0.32220697137985743,-0.017816211314146787
manuscript_exp2_fixed,current_coherence_label,118354,Low,98,-0.150178200886604,0.1491671088988863
manuscript_exp2_fixed,current_coherence_label,169207,High,112,-0.3721666825475536,0.14549418251223112
manuscript_exp2_fixed,current_coherence_label,169207,Low,113,-0.41335920929911263,0.020202533362046245
manuscript_exp2_fixed,current_coherence_label,183923,High,110,-0.3374093230848315,-0.040700216314178916
manuscript_exp2_fixed,current_coherence_label,183923,Low,103,-0.07908992621182556,0.09959637257834458
manuscript_exp2_fixed,current_coherence_label,184189,High,102,-0.324076326087706,0.10555959254533395
manuscript_exp2_fixed,current_coherence_label,184189,Low,105,-0.43080467200680406,0.21077147477650077
manuscript_exp2_fixed,current_coherence_label,189058,High,112,-0.47986601899980497,0.21377878443825502
manuscript_exp2_fixed,current_coherence_label,189058,Low,108,-0.44751450197299714,0.1968457363792396
manuscript_exp2_fixed,current_coherence_label,194491,High,102,-0.6954769428168184,0.11255761686839948
manuscript_exp2_fixed,current_coherence_label,194491,Low,96,-0.8439115617415719,0.10345761937483605
manuscript_exp2_fixed,current_coherence_label,203316,High,108,-0.37223774788486014,0.06267471586543862
manuscript_exp2_fixed,current_coherence_label,203316,Low,113,-0.49925753301152126,0.05514779424871943
manuscript_exp2_fixed,current_coherence_label,298043,High,110,-0.4468366847487284,0.021884565367839233
manuscript_exp2_fixed,current_coherence_label,298043,Low,104,-0.560417146528862,0.08825412702593897
manuscript_exp2_fixed,current_coherence_label,372056,High,95,-0.7234820664440573,0.0815449630016231
manuscript_exp2_fixed,current_coherence_label,372056,Low,91,-0.5676228272863633,0.3295157661015179
manuscript_exp2_fixed,current_coherence_label,469417,High,104,-0.4069622450871708,0.19541552436077414
manuscript_exp2_fixed,current_coherence_label,469417,Low,97,-0.3910594177537384,0.09136585227850455
manuscript_exp2_fixed,current_coherence_label,551900,High,111,-0.45320618911613186,0.060167012145808295
manuscript_exp2_fixed,current_coherence_label,551900,Low,113,-0.5639838018004305,0.08215453518242355
manuscript_exp2_fixed,current_coherence_label,555268,High,102,-0.3792769462694626,0.047505990787180555
manuscript_exp2_fixed,current_coherence_label,555268,Low,105,-0.4687448733195786,0.09826892673636455
manuscript_exp2_fixed,current_coherence_label,611856,High,115,-0.19889312167881074,0.028061740313674248
manuscript_exp2_fixed,current_coherence_label,611856,Low,114,-0.29873726611882667,0.061969201612652874
manuscript_exp2_fixed,current_coherence_label,624708,High,95,-0.5855476970319605,0.0955368369230223
manuscript_exp2_fixed,current_coherence_label,624708,Low,97,-0.6893321948120585,0.26914173095094496
manuscript_exp2_fixed,current_coherence_label,742322,High,110,-0.6040810044570741,0.1181771886031586
manuscript_exp2_fixed,current_coherence_label,742322,Low,104,-0.7090180886171825,0.17673724096515891
manuscript_exp2_fixed,current_coherence_label,753780,High,95,-0.4669938780930062,0.07464574172757016
manuscript_exp2_fixed,current_coherence_label,753780,Low,96,-0.7217980001993674,-0.029427644995321744
manuscript_exp2_fixed,current_coherence_label,815266,High,113,-0.5042728361687445,0.10568016616184393
manuscript_exp2_fixed,current_coherence_label,815266,Low,115,-0.4926096973648236,0.044701070092287486
manuscript_exp2_fixed,current_coherence_label,885939,High,103,-0.4150931311057227,0.19953849934124762
manuscript_exp2_fixed,current_coherence_label,885939,Low,101,-0.3436334015090441,0.2268814771119797
manuscript_exp2_fixed,current_coherence_label,898122,High,94,-0.7444060181402955,-0.0311952035403043
manuscript_exp2_fixed,current_coherence_label,898122,Low,106,-0.7913251052324948,-0.16909188646019363
manuscript_exp2_fixed,same_switch_label,002046,Same,94,-0.5632137265462671,0.08563536081685211
manuscript_exp2_fixed,same_switch_label,002046,Switch,128,-0.6271886632821115,-1.951455235396811e-05
manuscript_exp2_fixed,same_switch_label,062573,Same,108,-0.6574369915013141,0.11960664630198145
manuscript_exp2_fixed,same_switch_label,062573,Switch,113,-0.5500324025670557,0.10638383865008105
manuscript_exp2_fixed,same_switch_label,082622,Same,101,-0.41517957893271346,0.0965784673288423
manuscript_exp2_fixed,same_switch_label,082622,Switch,129,-0.3498625934131996,0.07500940601144909
manuscript_exp2_fixed,same_switch_label,118354,Same,90,-0.20939702169739954,0.11031203536734378
manuscript_exp2_fixed,same_switch_label,118354,Switch,117,-0.2581682732666989,0.028535384862107195
manuscript_exp2_fixed,same_switch_label,169207,Same,103,-0.4306473495942965,0.12085334572185735
manuscript_exp2_fixed,same_switch_label,169207,Switch,122,-0.34490563360905646,0.04812780068419206
manuscript_exp2_fixed,same_switch_label,183923,Same,94,-0.07888637848676075,0.021299036482188817
manuscript_exp2_fixed,same_switch_label,183923,Switch,119,-0.30493496675498155,0.026214678545997808
manuscript_exp2_fixed,same_switch_label,184189,Same,92,-0.4116476347372562,0.18948544442852283
manuscript_exp2_fixed,same_switch_label,184189,Switch,115,-0.35782998119762816,0.13664855363905545
manuscript_exp2_fixed,same_switch_label,189058,Same,97,-0.42300178797960364,0.20455703441671558
manuscript_exp2_fixed,same_switch_label,189058,Switch,123,-0.48763708744196166,0.18592423887731513
manuscript_exp2_fixed,same_switch_label,194491,Same,87,-0.7684179736627585,0.06362753618501651
manuscript_exp2_fixed,same_switch_label,194491,Switch,111,-0.7667740420256249,0.140066499369658
manuscript_exp2_fixed,same_switch_label,203316,Same,108,-0.4460173497011622,0.08161417185562377
manuscript_exp2_fixed,same_switch_label,203316,Switch,113,-0.438428710426912,0.02948469997431781
manuscript_exp2_fixed,same_switch_label,298043,Same,102,-0.49343179475531773,0.0536888319707711
manuscript_exp2_fixed,same_switch_label,298043,Switch,112,-0.5031796780436775,0.03793103062202102
manuscript_exp2_fixed,same_switch_label,372056,Same,94,-0.6574674900365983,0.21614479248419338
manuscript_exp2_fixed,same_switch_label,372056,Switch,92,-0.6266701062549105,0.2071500774925572
manuscript_exp2_fixed,same_switch_label,469417,Same,98,-0.34755036638591047,0.1771968624865896
manuscript_exp2_fixed,same_switch_label,469417,Switch,103,-0.4419679534428037,0.13612634324916068
manuscript_exp2_fixed,same_switch_label,551900,Same,113,-0.469038368105351,0.0724056745106351
manuscript_exp2_fixed,same_switch_label,551900,Switch,111,-0.5530281745347609,0.06339950572988999
manuscript_exp2_fixed,same_switch_label,555268,Same,99,-0.4104756316807379,0.08113700449775615
manuscript_exp2_fixed,same_switch_label,555268,Switch,108,-0.4554734077309509,0.10588704181800593
manuscript_exp2_fixed,same_switch_label,611856,Same,97,-0.21738533135305588,0.10923044905364501
manuscript_exp2_fixed,same_switch_label,611856,Switch,132,-0.2641925445159392,-0.009586485037830234
manuscript_exp2_fixed,same_switch_label,624708,Same,92,-0.6011055761768189,0.24756234182554462
manuscript_exp2_fixed,same_switch_label,624708,Switch,100,-0.6693736669730912,0.1182124708164827
manuscript_exp2_fixed,same_switch_label,742322,Same,109,-0.736210556368794,0.1553133846337867
manuscript_exp2_fixed,same_switch_label,742322,Switch,105,-0.5678057784301165,0.13245362513807307
manuscript_exp2_fixed,same_switch_label,753780,Same,91,-0.6268640183371706,-0.029162936086687057
manuscript_exp2_fixed,same_switch_label,753780,Switch,100,-0.6083138996241032,0.040374652439760524
manuscript_exp2_fixed,same_switch_label,815266,Same,105,-0.5097385504442093,0.05982459963083962
manuscript_exp2_fixed,same_switch_label,815266,Switch,123,-0.47741336538571233,0.08480723912747268
manuscript_exp2_fixed,same_switch_label,885939,Same,97,-0.4558061184879969,0.17270928042912967
manuscript_exp2_fixed,same_switch_label,885939,Switch,107,-0.3272826530344294,0.22030759825684162
manuscript_exp2_fixed,same_switch_label,898122,Same,94,-0.7720804540053612,-0.03659717348119922
manuscript_exp2_fixed,same_switch_label,898122,Switch,106,-0.7678673213647931,-0.15416253029195431
