exp,model_id,model_name,q1,q2,q3,lambda,d0,alpha_d0,alpha_q1,alpha_q2,alpha_q3,r_base,r_low,x_reset,k_reset
1,C10_S0_B1,C_Q2_Q3__S_baseline__B_B1,4.317867384068679,1.6543188885815205,2.564235419367533,0.5321388480098571,0.1924019242377579,-0.2053228827974743,,-1.513950102959606,-2.953240812169301,3.409637965672353,,,
1,C10_S0_B2,C_Q2_Q3__S_baseline__B_B2,3.207926872883057,1.2268128789015522,2.0572203595573897,0.49420308441291266,0.19040080960347716,-0.20511467289069918,,-1.53036619567797,-1.4508422145827373,3.8144765828990472,,,
1,C10_S0_B3,C_Q2_Q3__S_baseline__B_B3,4.130150989180486,1.4886841401845077,2.7968284189813883,0.4598482725864907,0.19233095049484825,-0.20516072578318756,,-1.5527238111112274,-2.9152962912401064,3.3513092034829834,,,
1,C10_S1_B1,C_Q2_Q3__S_x_reset__B_B1,5.143099169318716,1.1559121899969773,2.4777261581992582,0.5670741295775745,0.1907084089468156,-0.20359036520166332,,-0.5178937572436489,-2.3459673352527015,4.453002546223242,,0.31439222974648334,
1,C10_S1_B2,C_Q2_Q3__S_x_reset__B_B2,2.103576828653305,0.45069251193532195,2.1267811509550074,0.4513654961361288,0.1921308148457808,-0.20565348423603022,,-1.6735077640518006,-0.9632093122019847,3.4293908912781674,,0.30475435108662374,
1,C10_S1_B3,C_Q2_Q3__S_x_reset__B_B3,5.122494361432026,1.4599190723787985,2.283947165088042,0.5495606247855677,0.19087515539550418,-0.2035757991167544,,-0.948771598417995,-1.9270081569659316,4.478870713007082,,0.3125663158214565,
1,C10_S2_B1,C_Q2_Q3__S_K_reset__B_B1,4.156697806577797,1.6653947593639677,2.367555982174813,0.5079517702353953,0.19303567792253998,-0.20536830569840436,,-1.3115856694424934,-3.27523754482778,3.0475012788598175,,,0.04651369078162679
1,C10_S2_B2,C_Q2_Q3__S_K_reset__B_B2,2.653346789376688,2.18888067617307,1.8993974040874442,0.447693209460423,0.19175795905439263,-0.20502014245031816,,-1.909282347104663,-0.7666248042091386,3.379316525545321,,,0.045563218342871796
1,C10_S2_B3,C_Q2_Q3__S_K_reset__B_B3,4.452809007772974,1.8540669267747243,2.133133570732353,0.6612622093444396,0.19279158223414836,-0.20525091207952678,,-1.3515076800596488,-2.9073545665335776,3.172502186643383,,,0.04657610292965692
1,C11_S0_B1,C_Q1_Q2_R__S_baseline__B_B1,3.3057926914727562,1.192198436515283,2.5575331875799074,0.33582583965578927,0.19068215150645998,-0.20362447024003857,-1.1118872770292882,-0.9908645682275972,,1.8857474298858572,1.6224882899676147,,
1,C11_S0_B2,C_Q1_Q2_R__S_baseline__B_B2,3.1810143952580305,0.8293542278851356,0.5563646510215376,0.3290543619183931,0.19149951094520332,-0.20502926406876404,-2.1631863768302306,-1.7338499614893161,,4.7914128067115165,1.3230566577119547,,
1,C11_S0_B3,C_Q1_Q2_R__S_baseline__B_B3,3.438944065747438,1.1779609461330607,2.9295434871773307,0.4008478751733415,0.19078133799505803,-0.20385458994197192,-1.1846402228750943,-1.0861812974274068,,1.4700213334625438,1.634116692390175,,
1,C11_S1_B1,C_Q1_Q2_R__S_x_reset__B_B1,3.915095267630802,0.9769326974315753,1.627926526184914,0.51540899222071,0.19004982772924037,-0.202429312136816,-1.2034170549925127,-1.2620682456681493,,1.9763734497833392,1.3611597739360772,0.20960610450743233,
1,C11_S1_B2,C_Q1_Q2_R__S_x_reset__B_B2,3.3959724481725293,0.7424766742252769,0.6034941400464985,0.45597477388627605,0.1909688735538554,-0.20382622848554882,-2.0044115958827047,-2.321836958706087,,4.352529777228576,1.151661726589259,0.24433368654230783,
1,C11_S1_B3,C_Q1_Q2_R__S_x_reset__B_B3,3.843679039974636,0.9734024505583896,2.848098772645074,0.5257815434461666,0.18995749704717682,-0.20237839845542382,-1.2803031478859872,-0.7654641369840274,,2.904398365313422,1.304906645890495,0.21300978097368156,
1,C11_S2_B1,C_Q1_Q2_R__S_K_reset__B_B1,3.6271313086155272,1.6169057115194798,2.5062336937929786,0.5403423873108395,0.19112520936532204,-0.20362649018935164,-1.1353721984204344,-0.269132418489725,,3.6499044000663585,1.695897133246587,,0.04406914747816675
1,C11_S2_B2,C_Q1_Q2_R__S_K_reset__B_B2,3.6086546640820845,1.5421022056041025,0.5499749510136853,0.3951950766996543,0.19174268631923883,-0.2044216601879593,-2.1491379321235544,-1.812182481883854,,4.019240525068981,1.3364587626908386,,0.04542538066376591
1,C11_S2_B3,C_Q1_Q2_R__S_K_reset__B_B3,3.8893186991154676,1.6459598842180638,2.4612989888899914,0.5025554961243951,0.19065624524757663,-0.20318329376519326,-1.156242028236128,-0.23579131387107874,,3.0158548946767225,1.68786162158359,,0.04570697766120238
1,C12_S0_B1,C_Q1_Q3_R__S_baseline__B_B1,3.1849915274593115,0.4570624339654271,2.2641273717045554,0.47299302914869396,0.1900453891044756,-0.20299523722283552,-0.8224634718553222,,-2.5705847800476067,3.389140935504946,1.6819883832593312,,
1,C12_S0_B2,C_Q1_Q3_R__S_baseline__B_B2,3.390814161827024,0.3640103705827341,1.8080648298457063,0.3784084437528314,0.19047064178411724,-0.20346226574507756,-2.2235264612358834,,-1.1017168563953375,4.488912611754338,1.241249190116836,,
1,C12_S0_B3,C_Q1_Q3_R__S_baseline__B_B3,3.2813201226621724,0.43854661190191835,1.6476154403419658,0.47098068477471994,0.18989345818093326,-0.20271618260852933,-0.8184478873929162,,-2.4831780930596916,3.152099454665201,1.6885477085075637,,
1,C12_S1_B1,C_Q1_Q3_R__S_x_reset__B_B1,3.8022333819735223,0.34697806671479586,2.7682473325967076,0.49054678148515785,0.18915747501418154,-0.20137316447633352,-0.7993997482907499,,-1.9504323350477493,2.9995836920501544,1.4096915842649798,0.269141260902127,
1,C12_S1_B2,C_Q1_Q3_R__S_x_reset__B_B2,3.8172513080796593,0.3179964951128183,1.7635282249447302,0.37263658533726646,0.19111531640428386,-0.20344140562066537,-2.348598480581447,,-1.6259728898223065,4.246623087062133,1.2765663479147251,0.23488901149820876,
1,C12_S1_B3,C_Q1_Q3_R__S_x_reset__B_B3,4.201749979847259,0.3232786959082402,2.788091533670805,0.48287246340311385,0.18917772817486656,-0.2013397845615756,-0.8607008775706032,,-1.8870136381845897,3.4525993467018297,1.4221786738643252,0.27834557131954224,
1,C12_S2_B1,C_Q1_Q3_R__S_K_reset__B_B1,3.628738496849577,0.49594754588271145,2.938430130597567,0.3870297558493794,0.19013568939761646,-0.2026022758382478,-0.9146212322043733,,-2.212785496187799,3.4543689955524357,1.5816547407769632,,0.04067091783055408
1,C12_S2_B2,C_Q1_Q3_R__S_K_reset__B_B2,3.8380135909503963,0.2379864643423127,1.9460376525238523,0.34455161537055723,0.19121631177859594,-0.20445561240427512,-1.9387813916867807,,-1.0657551523744857,5.102090621760943,1.2396695448858257,,0.046233647994561484
1,C12_S2_B3,C_Q1_Q3_R__S_K_reset__B_B3,3.7250912712619093,0.5011862094924863,2.694678003581933,0.5860885646635742,0.1901859752262325,-0.20276586823907553,-0.9611750387490552,,-2.820493937818266,4.011764826554957,1.6238936514826372,,0.04095205430339439
1,C13_S0_B1,C_Q2_Q3_R__S_baseline__B_B1,1.430668553104784,1.4127031611018355,3.246815410189582,0.5041373721361103,0.19162778783000922,-0.20591195108065835,,-0.893187741062987,-2.364710241243262,2.595391149116008,1.1866681880369956,,
1,C13_S0_B2,C_Q2_Q3_R__S_baseline__B_B2,0.7474205926625911,1.575601325837863,1.5838865870311367,0.3248979468714214,0.19134042668416668,-0.20564725153029714,,-1.566100738352801,-0.7797598742506593,4.63877045326596,1.225556509363717,,
1,C13_S0_B3,C_Q2_Q3_R__S_baseline__B_B3,1.4326595383795488,1.395631746975407,3.167166197175133,0.5933090070465844,0.19158088056556383,-0.20577640094649166,,-1.0694296259759304,-2.1705782153739137,2.332059430330108,1.1849079466790007,,
1,C13_S1_B1,C_Q2_Q3_R__S_x_reset__B_B1,1.525626378219546,1.5580933509017767,2.353034038698382,0.5935055218651284,0.19105445727077983,-0.20449024994203577,,-1.4890265954330912,-2.527328173897406,2.323777198118809,1.2068526628684004,0.26350165209006043,
1,C13_S1_B2,C_Q2_Q3_R__S_x_reset__B_B2,0.8263448268921525,2.135957035880586,1.2623487299686413,0.42149895837787316,0.19211266617603842,-0.2067296271367056,,-2.4470323971930585,-0.7004651832730141,4.667660792646636,1.2355823965629829,0.30056748018160123,
1,C13_S1_B3,C_Q2_Q3_R__S_x_reset__B_B3,1.5084733312611756,1.4904099130111,2.3968186769127886,0.6127405413705738,0.19110641458503685,-0.20457820877138239,,-1.319769349227627,-2.3511071232754324,2.2493901017548135,1.1984625999747849,0.2670192500359328,
1,C13_S2_B1,C_Q2_Q3_R__S_K_reset__B_B1,1.5023023680706673,1.7697337311794463,2.4650506480480066,0.5178372649581576,0.19180150741367977,-0.20561329936940734,,-0.8858942239934902,-2.7241423774983984,1.9457123365684077,1.165407613180303,,0.04486695712752722
1,C13_S2_B2,C_Q2_Q3_R__S_K_reset__B_B2,0.729084836182313,1.6399798547369029,1.5944047060208688,0.2693440219502239,0.19182284458750143,-0.20600734570754978,,-1.5038429731180252,-0.2571934297518915,5.3877806601343625,1.2006018280966344,,0.044117985320093984
1,C13_S2_B3,C_Q2_Q3_R__S_K_reset__B_B3,1.4832035854669194,1.7542877192715622,2.6344919174978174,0.5524979161388244,0.19203778448049763,-0.2061680432738925,,-0.9871016787885547,-3.1004223648814087,2.9544167297657156,1.1868088120454454,,0.04412812343250376
1,C14_S0_B1,C_Q1_Q2_Q3__S_baseline__B_B1,4.597342168911047,1.3129941980205386,2.251139538747719,0.47830999743497193,0.1910944950659038,-0.20301998309052038,-0.35215903346874194,-1.112224113354744,-2.882536381456972,3.504819548843009,,,
1,C14_S0_B2,C_Q1_Q2_Q3__S_baseline__B_B2,3.695663869936904,1.0529346785987448,2.0324221283173376,0.28218347424782175,0.18994539331152105,-0.2039625256234541,-1.1935496539929704,-2.286233629039015,-0.3027675011623744,3.67006944098892,,,
1,C14_S0_B3,C_Q1_Q2_Q3__S_baseline__B_B3,4.3060699844829164,1.1010742255422474,1.936794356403437,0.5442866165265082,0.1910080434994305,-0.20286119904125569,-0.3393654582305221,-0.7373670992169827,-2.6386016925189795,3.4034306434365758,,,
1,C14_S1_B1,C_Q1_Q2_Q3__S_x_reset__B_B1,3.468015869488617,0.9046781165209882,3.2092311124095874,0.4284538125722751,0.18982473705628147,-0.20233260855909554,-0.23577238475326226,-0.7789720776721666,-3.4096920492226066,3.4008946439797367,,0.29506819980022425,
1,C14_S1_B2,C_Q1_Q2_Q3__S_x_reset__B_B2,2.5424602893701596,0.5660015477510975,1.756370410676009,0.39352695656472053,0.1906643801199187,-0.2039742413551547,-1.0956579678731435,-1.7355368505360291,-0.9022562402936803,3.57926899637223,,0.350462662610733,
1,C14_S1_B3,C_Q1_Q2_Q3__S_x_reset__B_B3,4.556063008395759,0.6190349433536521,2.2741158187391886,0.42575638057967563,0.18983862979639038,-0.2020249190817408,-0.2877529349544786,-1.2641199880190692,-3.101339689797886,4.301724480288132,,0.3256004521606597,
1,C14_S2_B1,C_Q1_Q2_Q3__S_K_reset__B_B1,4.783841377961177,1.3337467813141575,2.8652035831734817,0.3815292613225795,0.19127747242236656,-0.20276992352986775,-0.18357881299926307,-0.6588710213315919,-2.1501833675881645,2.7827103855760758,,,0.048622511962116914
1,C14_S2_B2,C_Q1_Q2_Q3__S_K_reset__B_B2,3.79059549958947,0.9625275816376727,1.9735652930543133,0.3118806716508823,0.1907360663076766,-0.20335029853733164,-1.099756810393418,-2.0602613985607454,-0.29045906443757885,3.451374371179414,,,0.0583386639036028
1,C14_S2_B3,C_Q1_Q2_Q3__S_K_reset__B_B3,4.326950298817315,1.4622674135019336,2.472206886024868,0.5834490836585858,0.19149129516852034,-0.20292129743842494,-0.16731999408704804,-0.7850135078928627,-2.435881837110475,3.0216716332549143,,,0.047604984308260635
1,C15_S0_B1,C_Q1_Q2_Q3_R__S_baseline__B_B1,3.2052908277466385,1.16286786762883,1.7985284067546365,0.5609384683373966,0.19093789618193815,-0.20413414509934735,-1.0606509344333501,-0.7011331133289,-2.804163446460934,2.8204666636072044,1.6691380556860087,,
1,C15_S0_B2,C_Q1_Q2_Q3_R__S_baseline__B_B2,3.5314069722936337,1.6157155074301983,1.5065430450149682,0.27728584231405917,0.19116775443157136,-0.20411910207647485,-2.0822605620072294,-1.6045857629252438,-0.4181894063870391,4.547484554134634,1.231004663866228,,
1,C15_S0_B3,C_Q1_Q2_Q3_R__S_baseline__B_B3,3.484986251777513,1.1963213012219076,1.9272945523908334,0.4315266245827839,0.19078381808357214,-0.20402229011566259,-1.1517140679856026,-0.6540911967924987,-2.7524015988850516,2.5017248223175637,1.6596018732842368,,
1,C15_S1_B1,C_Q1_Q2_Q3_R__S_x_reset__B_B1,3.797951923618457,0.9753038921283433,2.4492767994582305,0.6539763012820872,0.19020152228984627,-0.20267267815721146,-1.1977912960611012,-0.8164281085928617,-2.5935165556378443,3.6993844422011475,1.399788515071735,0.2143477742168656,
1,C15_S1_B2,C_Q1_Q2_Q3_R__S_x_reset__B_B2,3.7711135757715453,1.4642281090423666,1.5463885727738669,0.31786111264291705,0.19094163900556496,-0.20416371834875005,-2.161640455075461,-0.9692948581126959,-0.8965956145404559,4.8497476052141435,1.24484769604004,0.2299916114718349,
1,C15_S1_B3,C_Q1_Q2_Q3_R__S_x_reset__B_B3,3.611322296259378,0.9522779964947016,3.3865441709699806,0.45082663114665383,0.1902033596286579,-0.202731593636108,-1.1907015290016496,-0.7201344858989792,-2.1319291109914853,3.0905295136828967,1.369071064276932,0.21064544901951485,
1,C15_S2_B1,C_Q1_Q2_Q3_R__S_K_reset__B_B1,4.1109093736517,1.6377159918037962,2.6560041672280543,0.5838978902822032,0.19084869234357138,-0.20350643405322294,-1.2681141269957958,-0.6655665297288209,-2.5755643384965023,3.1885064779848467,1.6283168824023362,,0.04491647977597479
1,C15_S2_B2,C_Q1_Q2_Q3_R__S_K_reset__B_B2,3.965328638195841,0.8608294594859796,1.8638710917435262,0.294036341542721,0.1916543768805701,-0.2049087218365263,-2.4775036883622663,-1.7270969889394434,-1.075737039169445,5.412193492439786,1.1940620839802214,,0.05002092695537594
1,C15_S2_B3,C_Q1_Q2_Q3_R__S_K_reset__B_B3,4.13934844481333,1.6759296229404443,2.6053541053677196,0.4148256491491637,0.1907574658393803,-0.20334320108901272,-1.2827731481894367,-0.5660922060023393,-2.6913803157244356,3.018638691268552,1.5708293605860464,,0.0450425835656818
1,C1_S0_B1,C_Q1__S_baseline__B_B1,4.714165868190381,0.45603502388349226,2.6058098202315083,0.4670490039541676,0.19113619726784464,-0.20280404333531277,-0.30180665356647496,,,3.5412962636189693,,,
1,C1_S0_B2,C_Q1__S_baseline__B_B2,5.2449727590220085,0.4621380470628301,1.6436637337850266,0.44260488598954767,0.188835502549278,-0.2031845885520873,-0.602452099871481,,,4.276124558013971,,,
1,C1_S0_B3,C_Q1__S_baseline__B_B3,4.725321514907005,0.4571906521154859,2.112753259157145,0.4818678892240234,0.1909716784993236,-0.20265049744667787,-0.2934647364231382,,,3.569080201897764,,,
1,C1_S1_B1,C_Q1__S_x_reset__B_B1,4.285720448828883,0.3242334073462557,2.4717088771337745,0.7175939770471894,0.1894943929760785,-0.2016912997637124,-0.2357197633734657,,,3.935057741357613,,0.30611245048116253,
1,C1_S1_B2,C_Q1__S_x_reset__B_B2,5.687387865337153,0.13387250278735838,1.6925710469954038,0.49796253424166265,0.19013943826447113,-0.20269762385478643,-0.5955613530357301,,,4.861921006520926,,0.3294075974451576,
1,C1_S1_B3,C_Q1__S_x_reset__B_B3,4.533021918915083,0.3675049256709224,2.7911612099126373,0.5225631427266205,0.18958196606042108,-0.20173713641193558,-0.21403026305916617,,,4.32969751657865,,0.3425433211704059,
1,C1_S2_B1,C_Q1__S_K_reset__B_B1,4.759964374672229,0.44765654552550554,1.7424223354186494,0.3587592319350328,0.19110041124367705,-0.20260128918247863,-0.12305900861218161,,,3.331948058866063,,,0.04219262751729386
1,C1_S2_B2,C_Q1__S_K_reset__B_B2,4.949719308511472,0.45417163365496194,1.0188545066878252,0.44060774559330135,0.19121995152680843,-0.20347618807466547,-0.5288138600112462,,,3.2672552502897187,,,0.04225602330760669
1,C1_S2_B3,C_Q1__S_K_reset__B_B3,4.807750297907261,0.4970100853727067,1.8125216972664762,0.257002528329719,0.19138122594300003,-0.20269067957024067,-0.10844935197717938,,,3.3034015904505973,,,0.04293536214322303
1,C2_S0_B1,C_Q2__S_baseline__B_B1,4.119478642416694,1.3949447798473862,2.7656561136994586,0.48801636036251933,0.19252065669008592,-0.20542153468214217,,-1.1770969990087026,,3.3639006326565184,,,
1,C2_S0_B2,C_Q2__S_baseline__B_B2,3.7399277647598708,1.6482980327663797,1.3760674311934749,0.4127493249534199,0.1921503106423665,-0.20596931958446155,,-2.7152994901782836,,3.879904249399499,,,
1,C2_S0_B3,C_Q2__S_baseline__B_B3,4.106768878914159,2.1904035171447798,2.454741648073693,0.5557923876465221,0.19241694585353625,-0.20535812846452914,,-0.8658899186641403,,3.3376447754372993,,,
1,C2_S1_B1,C_Q2__S_x_reset__B_B1,4.379188518457604,1.326455551905241,1.5949659312134385,0.589265661379529,0.19097751509390387,-0.20359759412364078,,-0.7970623963456572,,4.074565150558658,,0.3151535723191075,
1,C2_S1_B2,C_Q2__S_x_reset__B_B2,4.526304327081221,0.6671199747684186,1.1622085188040492,0.4615089042048504,0.19136194295938888,-0.20479324030930657,,-2.8412831436461485,,4.807206551658027,,0.28977073354124844,
1,C2_S1_B3,C_Q2__S_x_reset__B_B3,4.888126358788285,1.1585547722968383,2.800662674428917,0.5010814268138052,0.19057541920968193,-0.20345346358767713,,-1.0857523289761852,,4.216322487594817,,0.30717523920311024,
1,C2_S2_B1,C_Q2__S_K_reset__B_B1,4.201243761886177,1.7020705343114486,1.9751322059273961,0.4534678937472089,0.1929156460750967,-0.20536124473322823,,-1.5467873585415572,,3.0788262771055446,,,0.0454756809283021
1,C2_S2_B2,C_Q2__S_K_reset__B_B2,3.395912245963549,1.539044647802033,1.0536384353593522,0.4811036320048616,0.1930979352050172,-0.20576587526338297,,-2.637440994947434,,2.9813588203430714,,,0.03966066750630153
1,C2_S2_B3,C_Q2__S_K_reset__B_B3,3.801232688630117,1.6148795647515115,2.404509697364237,0.5327990040758673,0.1929899723176968,-0.20526956628752427,,-1.4802457278854662,,2.8034512048710627,,,0.04743543731977681
1,C3_S0_B1,C_Q3__S_baseline__B_B1,4.693708199026708,0.4246004440449413,2.423015977316143,0.5434531088330017,0.19190092596642822,-0.20445884752655788,,,-2.6135276956575657,3.649296962968604,,,
1,C3_S0_B2,C_Q3__S_baseline__B_B2,2.5733213022050268,0.12037006246136076,2.059897224979203,0.43286528391870044,0.19057306128872709,-0.20496729207628545,,,-1.3107426285206345,3.4598527057933945,,,
1,C3_S0_B3,C_Q3__S_baseline__B_B3,5.018608100807654,0.32018151851058885,2.017884613600847,0.4876831837061584,0.19192442397605103,-0.20444570843568527,,,-2.076316117697809,3.8123545891656607,,,
1,C3_S1_B1,C_Q3__S_x_reset__B_B1,5.344245892976229,0.23790189828965733,2.5917793252570047,0.5032084876447278,0.1904325559128292,-0.20317599929210675,,,-3.0230867132476535,4.776852731963709,,0.3300335585451336,
1,C3_S1_B2,C_Q3__S_x_reset__B_B2,3.8193667787258576,0.4324723839260596,2.383054150811291,0.4774656932347596,0.1908908125901347,-0.20444875246276614,,,-1.1262757147882925,4.760548023243327,,0.3502502831640006,
1,C3_S1_B3,C_Q3__S_x_reset__B_B3,5.94063253079974,0.34808647122178515,2.6036813071938685,0.43283226627672333,0.19037458618799696,-0.20313496279552135,,,-2.672565931500523,5.10124195862258,,0.3311853469262128,
1,C3_S2_B1,C_Q3__S_K_reset__B_B1,4.320458192929901,0.5915942155037605,2.5664953964227006,0.7142345949072085,0.1925843962644757,-0.2045522652949806,,,-2.8590452905084054,3.0736624035592,,,0.04487550740675462
1,C3_S2_B2,C_Q3__S_K_reset__B_B2,2.3580976552448396,0.09633619953290422,2.2080262488146674,0.4568990622463398,0.19143955649228947,-0.20462009793836924,,,-1.3751573201881262,3.0783004791545094,,,0.04803547839812727
1,C3_S2_B3,C_Q3__S_K_reset__B_B3,4.5824392809693855,0.2054039842938846,2.8388229119071777,0.5183784689197194,0.19258557814708616,-0.2047601730813078,,,-2.7642599428034473,3.218697526611898,,,0.04419702129505525
1,C4_S0_B1,C_R__S_baseline__B_B1,1.4667566512240868,0.5893160463292341,1.948573486083196,0.4467499713027859,0.19077221565327643,-0.20457583959124806,,,,2.257362640271986,1.1567731721552912,,
1,C4_S0_B2,C_R__S_baseline__B_B2,1.087646414383488,0.28539081965495267,0.6610626974727374,0.3292549064883118,0.191397223587803,-0.20588597829406774,,,,5.2095861201158105,1.1713621664758154,,
1,C4_S0_B3,C_R__S_baseline__B_B3,1.4505982740217371,0.6059533545451029,2.9199601923384946,0.5245873317925699,0.19095847423027515,-0.20477302989704507,,,,2.6359948690888304,1.1594782409457687,,
1,C4_S1_B1,C_R__S_x_reset__B_B1,1.570746415964018,0.4406222774108228,2.015464116886989,0.5654211162768062,0.19048413226933852,-0.20356681015520126,,,,2.2553414856359875,1.170359805832189,0.2707728447501667,
1,C4_S1_B2,C_R__S_x_reset__B_B2,1.1764222564812143,0.2566744208731478,0.5751325403252525,0.507373883380077,0.1909666402518196,-0.2046773235170182,,,,4.985997830706513,1.177810189100115,0.3133708283091154,
1,C4_S1_B3,C_R__S_x_reset__B_B3,1.5683887021230953,0.45292041298812474,3.2463179121858854,0.5851323552266533,0.190309955394606,-0.20344077453241238,,,,2.6494279078786303,1.1739805788840747,0.2761944736043864,
1,C4_S2_B1,C_R__S_K_reset__B_B1,1.510202695274461,0.6554170722599412,2.1842839355811505,0.5391356905206516,0.19094135445572763,-0.20459102434181445,,,,2.2466375929164157,1.1551271850735316,,0.042062640028736276
1,C4_S2_B2,C_R__S_K_reset__B_B2,1.1587028497536835,0.2794589416136726,0.6460720403115076,0.3846839680936769,0.19092367191938087,-0.20593010341545728,,,,5.5413713138891145,1.1708674115001159,,0.0405355462683972
1,C4_S2_B3,C_R__S_K_reset__B_B3,1.511487439986743,0.6507918141942907,2.634261263879029,0.5858949411150387,0.19085205667590072,-0.20445798719018377,,,,2.4648482242679033,1.155289182753002,,0.041678653371712476
1,C5_S0_B1,C_Q1_R__S_baseline__B_B1,3.247547110427203,0.45680264848829305,2.3088881716831113,0.596644668470991,0.19005786173604572,-0.20301910989905886,-0.8045999867646404,,,2.5869268320347727,1.7311219420265396,,
1,C5_S0_B2,C_Q1_R__S_baseline__B_B2,3.49427344097416,0.24644159407981495,0.5045039804104372,0.3956267654880023,0.19094504194028072,-0.20438514260705334,-2.399396452479158,,,4.88016122459222,1.3134298052260729,,
1,C5_S0_B3,C_Q1_R__S_baseline__B_B3,3.278100036064264,0.43988127388058196,3.0528436032294124,0.4847138330191234,0.18980690792665647,-0.2026092593304808,-0.8532601876659285,,,3.0054198590200643,1.641249411399216,,
1,C5_S1_B1,C_Q1_R__S_x_reset__B_B1,4.185465452792115,0.3125118304504857,2.874555141142674,0.584816212177885,0.1896799735088562,-0.20208959217135486,-0.9619871867828503,,,2.3649137743532807,1.4224221550683138,0.23468949637353714,
1,C5_S1_B2,C_Q1_R__S_x_reset__B_B2,4.217540155865162,0.2306096757415487,0.39195803356415904,0.34933633270278736,0.19084809779569223,-0.20383612423234443,-1.952658179777426,,,4.233147722705268,1.2416320097729516,0.24083841605203277,
1,C5_S1_B3,C_Q1_R__S_x_reset__B_B3,3.932560283604717,0.3275618700561976,2.8106179390021504,0.7340820161521571,0.18933422461815735,-0.20161877101115785,-0.7236736286103632,,,2.0015045373175155,1.4645043302613148,0.2751515528757457,
1,C5_S2_B1,C_Q1_R__S_K_reset__B_B1,3.5563034343511943,0.5015997984269518,2.563249450292218,0.5407451557570601,0.1902208703297981,-0.202809571219721,-0.8906989533765919,,,2.479319330312147,1.6914496109746269,,0.04079306564438585
1,C5_S2_B2,C_Q1_R__S_K_reset__B_B2,3.650374200787646,0.23838968129348279,0.5731401364325727,0.4123918522821244,0.1909698295473163,-0.2042169480169949,-1.757312001333588,,,4.113973722586931,1.3739385767309613,,0.042235624493629234
1,C5_S2_B3,C_Q1_R__S_K_reset__B_B3,3.495009199597229,0.5176048279690005,2.518475579972959,0.6310589277896181,0.1901983422008871,-0.20278670210145408,-0.8956430174404185,,,3.0871981704927918,1.6880834575227555,,0.04092199327504563
1,C6_S0_B1,C_Q2_R__S_baseline__B_B1,1.4271533632561975,1.4216835319384304,2.3587947884707017,0.5224914735413644,0.1919666276483967,-0.20652907992778535,,-1.200463235165617,,1.9121434257432428,1.1853812089438345,,
1,C6_S0_B2,C_Q2_R__S_baseline__B_B2,1.087646802301601,1.634386116565806,0.5775587043952757,0.4513623977192584,0.19211706779517412,-0.20662609161566745,,-2.643081027357243,,4.785686884127391,1.1959590450280477,,
1,C6_S0_B3,C_Q2_R__S_baseline__B_B3,1.427725620862685,1.466749164882749,2.4878450035985593,0.4292563204295811,0.19168548377198258,-0.20592500854087922,,-1.2484325285711522,,1.7318323771696804,1.1915792172284023,,
1,C6_S1_B1,C_Q2_R__S_x_reset__B_B1,1.5327920550730212,1.3903323742643074,2.3534582903465417,0.19207176510732102,0.1910944545154125,-0.20463880141910484,,-1.6263548636627119,,2.9286234225186636,1.203422137905314,0.27403262834280984,
1,C6_S1_B2,C_Q2_R__S_x_reset__B_B2,1.05881853847295,1.4049475420121722,0.7235320888053809,0.4494050241827586,0.1916554186983211,-0.20584573970590136,,-3.157552597643622,,4.253244662010693,1.2124925652016314,0.33261404987678966,
1,C6_S1_B3,C_Q2_R__S_x_reset__B_B3,1.5228413177674178,1.4772125505482891,2.4928397410079164,0.5321955713572195,0.1909608771030108,-0.20437210433645472,,-1.3211692821472176,,2.776866399892167,1.203994430290126,0.2672393891681893,
1,C6_S2_B1,C_Q2_R__S_K_reset__B_B1,1.4749682913090565,1.8198728389289278,3.3852185402194364,0.5796032246631784,0.19165576416420252,-0.20556049779003888,,-0.8434881181161664,,2.5531303300821366,1.1863054673953903,,0.044379324512975306
1,C6_S2_B2,C_Q2_R__S_K_reset__B_B2,1.1158112203754555,1.686348812395765,0.672260912749551,0.5271807499331302,0.19196248628670656,-0.20657437081890462,,-3.043564579847232,,4.50019216864755,1.19830304345342,,0.043239263126557174
1,C6_S2_B3,C_Q2_R__S_K_reset__B_B3,1.488540040110979,1.7326251108379587,2.890891568218889,0.654811882751337,0.19168551408882423,-0.20560961777067502,,-0.9328363218527239,,1.793993788332408,1.1888987615682816,,0.044108730934729744
1,C7_S0_B1,C_Q3_R__S_baseline__B_B1,1.4641878733037572,0.594271006619286,2.9655715454660494,0.4952996187621322,0.19123434512253024,-0.20522679919087794,,,-2.401700924170009,1.9403832509692178,1.1695818245461107,,
1,C7_S0_B2,C_Q3_R__S_baseline__B_B2,0.8588616735309678,0.20049633450669146,1.7278408534555219,0.41402981497762786,0.1909904042877083,-0.20610310711737634,,,-0.9896373583526334,4.0369039275143095,1.2169921252345954,,
1,C7_S0_B3,C_Q3_R__S_baseline__B_B3,1.462474335614329,0.5858465993184166,3.4073008722954667,0.5204646677821972,0.19081248123138891,-0.20446706666462092,,,-2.1868060167601397,2.0468739888078007,1.1655187053506517,,
1,C7_S1_B1,C_Q3_R__S_x_reset__B_B1,1.5687585384734335,0.4370240907762995,3.0569581719865924,0.47072385475515705,0.19038763989602125,-0.20350769743571148,,,-1.9096895026011431,3.182601726007499,1.1670034515344418,0.27181548652343634,
1,C7_S1_B2,C_Q3_R__S_x_reset__B_B2,0.9861244665962233,0.3975375259706537,1.9449137470803146,0.4728695241504431,0.191754280290199,-0.20632662413758948,,,-1.8284449259164133,4.17906845733083,1.1908582846620133,0.2540188927884804,
1,C7_S1_B3,C_Q3_R__S_x_reset__B_B3,1.588308336446191,0.4195001024130025,2.674223567188209,0.41330811761769587,0.19025101939914563,-0.20322924870605866,,,-1.8913548696077316,2.957044682587968,1.1675039172837032,0.27222579114954515,
1,C7_S2_B1,C_Q3_R__S_K_reset__B_B1,1.5131902315169428,0.6613588760761877,2.4937356988500654,0.4798129495692507,0.19085765600416457,-0.20454183907229104,,,-3.195703698940385,2.8988009608962546,1.1591385424241192,,0.04349976422185082
1,C7_S2_B2,C_Q3_R__S_K_reset__B_B2,0.8218439556079822,0.4931912911337133,1.9309111218989932,0.42116955559410446,0.1912484498443239,-0.20482092666824278,,,-0.7268452681230729,5.396429881065973,1.1890638362304196,,0.04437286738694343
1,C7_S2_B3,C_Q3_R__S_K_reset__B_B3,1.522990838424097,0.6472614711677348,3.2761422303886034,0.4721669660688945,0.19095577196006575,-0.20467939729129128,,,-3.4561516735147326,3.4756645265809727,1.1603024418519803,,0.042360060486863436
1,C8_S0_B1,C_Q1_Q2__S_baseline__B_B1,4.344805266402734,0.8018605872549617,1.8553536201827725,0.5107442990408096,0.19114487287433432,-0.20283023727772156,-0.3598999086776545,-0.9897105075027907,,3.2937556945796755,,,
1,C8_S0_B2,C_Q1_Q2__S_baseline__B_B2,4.929724905137936,1.5521518201386693,1.3183912499220585,0.34074274737394455,0.19163654856273232,-0.20458786460629252,-0.5598972895138083,-2.4272212894602636,,3.95641551628474,,,
1,C8_S0_B3,C_Q1_Q2__S_baseline__B_B3,4.177134880531188,1.0868533204291222,2.7565458664966873,0.4777067819355771,0.191020776194299,-0.2029679535747176,-0.3748397464640573,-1.0339069042281022,,3.2577392602543096,,,
1,C8_S1_B1,C_Q1_Q2__S_x_reset__B_B1,4.145493982563542,1.0896855867336634,2.4072622533427785,0.5735748591004785,0.18963034078918872,-0.20192023309207335,-0.24449525442527972,-1.0539701706880136,,3.836396488930285,,0.28219315527723143,
1,C8_S1_B2,C_Q1_Q2__S_x_reset__B_B2,4.72594738196484,0.7433968300741962,1.5920346757680406,0.4454538352243857,0.19057854339066188,-0.20319289606939292,-0.5313900193066526,-2.9216416236065115,,4.37028560269832,,0.339413991336082,
1,C8_S1_B3,C_Q1_Q2__S_x_reset__B_B3,3.6014399993388735,0.9675841671311766,2.251348887393076,0.6336250285623296,0.18967197186046433,-0.20202429692380058,-0.2586284913058755,-0.5668675333321619,,3.7913759404604277,,0.2789823968232011,
1,C8_S2_B1,C_Q1_Q2__S_K_reset__B_B1,4.059457261415191,1.3798186397274916,2.7427485006259666,0.3502817358753095,0.19161010290781236,-0.20284650907174226,-0.2157124236380877,-0.8267311404732869,,2.7570748978592152,,,0.04700235120847898
1,C8_S2_B2,C_Q1_Q2__S_K_reset__B_B2,4.280277539251953,1.2397832681518528,1.24099894275501,0.37810905933359645,0.1890223421239354,-0.2030904480574924,-0.19750837992101317,-2.4107910174717264,,3.7220881362504397,,,0.038942208959178
1,C8_S2_B3,C_Q1_Q2__S_K_reset__B_B3,4.083969284900707,1.151539213118558,2.7818600411241765,0.42420830103143675,0.19131716305381843,-0.20305445555341156,-0.16421889304886117,-0.7011124482318517,,2.695347575123495,,,0.04816843990829369
1,C9_S0_B1,C_Q1_Q3__S_baseline__B_B1,4.4991309767668355,0.4543702123552263,2.967893832458924,0.4782996247171782,0.19103896456882596,-0.2027737700258421,-0.2801014686764569,,-2.1847379569255554,3.4918406731125926,,,
1,C9_S0_B2,C_Q1_Q3__S_baseline__B_B2,3.004749510001231,0.11293232465654136,1.8607868179122093,0.4169079505170725,0.19064618969410807,-0.20394429278763082,-0.962680393833148,,-1.1449788705130295,3.3641480859062245,,,
1,C9_S0_B3,C_Q1_Q3__S_baseline__B_B3,4.5926442451221225,0.4495337663838745,2.6696505676402498,0.665609583257181,0.1910281028301917,-0.20272932601386093,-0.2779184407051632,,-2.6422068908880076,3.6023960416819407,,,
1,C9_S1_B1,C_Q1_Q3__S_x_reset__B_B1,4.6141498979436095,0.45640493515735864,2.647525029648628,0.47489393667770535,0.18957484246900344,-0.20177614994945145,-0.2017767043485372,,-2.26109691106198,4.453294196916137,,0.34149934690289513,
1,C9_S1_B2,C_Q1_Q3__S_x_reset__B_B2,2.26316972701799,0.1162497008753207,1.977818192381192,0.4155962270739124,0.191189702120533,-0.20394215015571274,-0.7393532598050111,,-1.9840823696261767,3.296423228392624,,0.3082144372261576,
1,C9_S1_B3,C_Q1_Q3__S_x_reset__B_B3,4.814464691147568,0.3241485134049269,2.7069342674702535,0.5075523918250633,0.18958027547173142,-0.2017837835735118,-0.21924385140866676,,-2.416446705859015,4.280191818885388,,0.34169613894005624,
1,C9_S2_B1,C_Q1_Q3__S_K_reset__B_B1,4.100731096775008,0.3448923149103964,2.9141977430066386,0.32896996077171176,0.19126708883361146,-0.2025237962260882,-0.1268602783555328,,-2.5899460637984766,3.0298183008633988,,,0.04445709428346882
1,C9_S2_B2,C_Q1_Q3__S_K_reset__B_B2,3.9607715723434596,0.07491872825999824,2.1822507080856095,0.5112602919647526,0.19131081879940515,-0.20393351372641372,-1.0725602488439252,,-1.7229072323484589,3.295985750547797,,,0.05127441840540012
1,C9_S2_B3,C_Q1_Q3__S_K_reset__B_B3,4.32912308253693,0.4118759934329153,2.3733030639158277,0.4482083716851275,0.19119690240317774,-0.20264602291108505,-0.1145360653914659,,-2.1686400411709066,3.017396378629101,,,0.043660294120324517
2,C10_S0_B1,C_Q2_Q3__S_baseline__B_B1,1.7767430904984103,1.2586934313980431,2.3357408246200007,0.3991723335463797,-4.886530252495353e-05,-0.036748605198125346,,-1.5975386586961682,-2.3403254833936056,2.5643087140307252,,,
2,C10_S0_B2,C_Q2_Q3__S_baseline__B_B2,0.616259971103505,1.329064847224686,1.5318895856366146,0.4193510270139461,0.0010283692146192411,-0.036754421918876325,,-1.6604393574042104,-2.22724864373634,1.7360347925148256,,,
2,C10_S0_B3,C_Q2_Q3__S_baseline__B_B3,1.5430559227360592,1.0905290050165402,3.1857615820879306,0.47280458070738834,-6.956771920236293e-05,-0.03666458476606413,,-1.6631829873626045,-2.9220749894087703,2.259155105542426,,,
2,C10_S1_B1,C_Q2_Q3__S_x_reset__B_B1,2.8883698087372016,2.1424968174809056,1.9638340838018251,0.410037987031542,0.0005402103080336926,-0.036038621882693106,,-0.9494130485323137,-2.2606263167463703,3.367545009663476,,0.36618254373617015,
2,C10_S1_B2,C_Q2_Q3__S_x_reset__B_B2,1.0501437754701184,0.6921416888084194,1.660367936644996,0.6115028937018242,0.0018881799129608808,-0.03532919447263391,,-1.1281938311599649,-2.3490359780238967,2.6537045519740317,,0.4044243907367099,
2,C10_S1_B3,C_Q2_Q3__S_x_reset__B_B3,3.1640289165564144,2.0207245090228376,1.6546112069706993,0.5335867555297299,-4.0051516403125665e-05,-0.03616069570719611,,-1.320486566792775,-3.1567215296659827,3.685451176315068,,0.3450539691697224,
2,C10_S2_B1,C_Q2_Q3__S_K_reset__B_B1,2.085194045854755,1.302169953629478,3.0910930839791346,0.5283959356235284,-0.0003415963619477611,-0.03520970506085487,,-1.6244215394649346,-2.532070798019573,2.4278258302276443,,,0.07266457350993448
2,C10_S2_B2,C_Q2_Q3__S_K_reset__B_B2,0.6222242713330252,1.0955772283624337,1.4603555009017484,0.4081118522032902,0.0002059983804207235,-0.03501861369725091,,-1.2518491831580247,-2.0329578181877053,1.291102633275206,,,0.06411493449434529
2,C10_S2_B3,C_Q2_Q3__S_K_reset__B_B3,2.2367192670646383,1.2340199528581235,2.7717845251880178,0.495812197898911,-0.0002376351345160715,-0.03525606950180471,,-1.652780501711703,-2.3170744180406846,2.3198554725918705,,,0.07167505191470826
2,C11_S0_B1,C_Q1_Q2_R__S_baseline__B_B1,1.1965577775613916,1.0751826220593836,2.41178904874095,0.5400251245258959,0.000587565584109332,-0.03704808830442196,-1.3564524125900654,-1.8816731708358774,,2.5345862549561406,1.2592583167450777,,
2,C11_S0_B2,C_Q1_Q2_R__S_baseline__B_B2,1.427137923194002,0.7043433431269626,0.28967468073305197,0.49377106864547965,0.001109060930310636,-0.03540939990441516,-2.6182120132154973,-3.0041743060105532,,4.768351181212154,1.0292654871656761,,
2,C11_S0_B3,C_Q1_Q2_R__S_baseline__B_B3,1.209696405804159,1.0964067980431507,1.7838210086019892,0.38624717245541285,0.0003458942969487374,-0.036575526743076986,-1.3661500924608776,-1.8208481771034324,,1.4944111088895553,1.2518595792502873,,
2,C11_S1_B1,C_Q1_Q2_R__S_x_reset__B_B1,1.48952623731723,0.5978492674958533,2.8346642459459543,0.4975322207905127,0.00014754038072315847,-0.03493495257402493,-0.7053340604281857,-1.1581963057148934,,2.574418809739582,1.346517869320486,0.37114263062812386,
2,C11_S1_B2,C_Q1_Q2_R__S_x_reset__B_B2,1.6994014505027741,0.4894699808805783,0.15013517643902644,0.5577440910439564,-0.00031078109248208215,-0.033666848522343,-2.817767112278801,-2.57131385043779,,4.804633979820746,1.009537387309722,0.4274607786521644,
2,C11_S1_B3,C_Q1_Q2_R__S_x_reset__B_B3,1.684615257344724,0.563691988431042,2.176504552620946,0.5042133606918726,1.367871504546941e-05,-0.03465194911155994,-0.8261324774633709,-1.1879315008985079,,2.723759387027594,1.3095977007466983,0.37563631649242224,
2,C11_S2_B1,C_Q1_Q2_R__S_K_reset__B_B1,1.8503532118275927,1.0309794547750635,2.5203669037043293,0.6084835854481544,5.711860753994632e-05,-0.03526597494031844,-1.7174663249711286,-1.4341158569961778,,3.7639973298637757,1.1760271686169876,,0.06994573906701787
2,C11_S2_B2,C_Q1_Q2_R__S_K_reset__B_B2,1.8329145399965505,0.7764016366450477,0.30574049534329995,0.5365698597746409,0.0010250723658169327,-0.03438987406327478,-2.5546348905330816,-3.134555207700805,,5.286509010199126,0.9993209867149194,,0.06703303322351835
2,C11_S2_B3,C_Q1_Q2_R__S_K_reset__B_B3,1.8276189554010598,1.033060906498818,2.0979423531408963,0.732287631544268,9.023154384290911e-05,-0.0353718840153071,-1.240318457905886,-1.4277488685292417,,3.01955994979326,1.1839637683785933,,0.06700788828900982
2,C12_S0_B1,C_Q1_Q3_R__S_baseline__B_B1,1.6422091783477684,0.31528091926970064,2.785902163100844,0.5340772094610362,0.00045119249413208236,-0.035952732209058196,-1.6230760986300703,,-2.0334488934318142,2.4543826531662662,1.268923987236013,,
2,C12_S0_B2,C_Q1_Q3_R__S_baseline__B_B2,1.5944852723047986,0.17432085743144163,1.3449816189089208,0.523233725297357,0.0001298471727473283,-0.036764883534391085,-2.9723865550286614,,-2.617633514080138,3.5676560334692216,1.1201374945967255,,
2,C12_S0_B3,C_Q1_Q3_R__S_baseline__B_B3,1.6780797734479866,0.3184076603694152,2.994709593382218,0.6178575370275134,0.0005227987088170655,-0.036127245078187924,-1.5985097355939333,,-2.4821464531305124,2.420133374117882,1.255330340494514,,
2,C12_S1_B1,C_Q1_Q3_R__S_x_reset__B_B1,2.0466181372782697,0.21201028179841763,2.9101037158488285,0.47325930061098664,-5.886561898121078e-05,-0.033832968385107104,-1.1210407130134283,,-2.4640687312576546,3.959505429430891,1.1464117962712266,0.3866742837747226,
2,C12_S1_B2,C_Q1_Q3_R__S_x_reset__B_B2,1.4009519358557136,0.11806420664429272,1.1890596900459633,0.6839558380981619,0.0021908738000590974,-0.034219021604289926,-1.544630319261932,,-3.4136410737356346,5.30169644647598,1.2343443197551702,0.49396455385576166,
2,C12_S1_B3,C_Q1_Q3_R__S_x_reset__B_B3,2.0487320031038947,0.21106455515392888,2.1672891525926903,0.433875163475955,0.0002150705927254369,-0.0341344969695984,-1.0582956867858024,,-2.5236513363551802,3.8625698023808215,1.2708353056171153,0.384375835667471,
2,C12_S2_B1,C_Q1_Q3_R__S_K_reset__B_B1,2.1665488306080363,0.3280805598594955,2.144086662047578,0.40549128327495193,3.8333259627210126e-05,-0.034545785999183225,-1.6600970497423562,,-2.309798935176482,3.5302157981114735,1.1751093241226778,,0.06809939185027493
2,C12_S2_B2,C_Q1_Q3_R__S_K_reset__B_B2,2.1808551978654327,0.18166037585044803,1.3344402080625397,0.5193504641906928,-0.00015918879036826877,-0.03509333198756736,-2.9660379365784877,,-1.6415698546288766,4.393566274858639,1.0588595902656868,,0.07242971868185703
2,C12_S2_B3,C_Q1_Q3_R__S_K_reset__B_B3,2.1155121436257853,0.3343542628108973,2.0809632074425037,0.3195367748083363,2.889135905499087e-05,-0.034425084222038986,-1.7075677316006768,,-3.422970530333203,2.8957601769355383,1.140653097116911,,0.06841847987902279
2,C13_S0_B1,C_Q2_Q3_R__S_baseline__B_B1,0.6228415807614144,1.2076362949539332,2.9606453922286504,0.41955352675212604,0.0006910015272304851,-0.037206437005710614,,-1.6271404974846992,-2.8840272412730914,2.3843730877191245,1.1069472439382828,,
2,C13_S0_B2,C_Q2_Q3_R__S_baseline__B_B2,0.1855535118065606,1.0300166528361958,2.0386056706335776,0.424117601359441,0.00036837543666645744,-0.036819055672581875,,-1.4972785211417785,-2.40879603854535,4.772513899011979,1.1399912316468923,,
2,C13_S0_B3,C_Q2_Q3_R__S_baseline__B_B3,0.6215100490071387,1.2135491387348991,2.2781992946834193,0.5156901552020042,0.0007549166928787538,-0.03727191210961098,,-1.613606472817623,-2.3369866143271705,2.783330240848899,1.1097464898313174,,
2,C13_S1_B1,C_Q2_Q3_R__S_x_reset__B_B1,0.625124643445523,0.7774832031504658,2.569041490685016,0.5301645661328703,0.0008948814517808515,-0.03682780123378601,,-1.038616997681988,-3.1465328630077143,2.3369896328639856,1.142744966703903,0.36710957790975607,
2,C13_S1_B2,C_Q2_Q3_R__S_x_reset__B_B2,0.37436217321844223,0.2511682582653694,1.989175593679201,0.60501391637312,0.0007709043395755129,-0.03523369617813415,,-0.5287269629344938,-3.807343895328958,4.5249750538170845,1.188259588699917,0.398090012008498,
2,C13_S1_B3,C_Q2_Q3_R__S_x_reset__B_B3,0.626974781026124,0.7751572015761193,2.206088663054521,0.4016435505993424,0.000876136629719323,-0.0368729446496363,,-1.1042514559814611,-2.996838081929623,2.267019053070736,1.143333366975506,0.3663842540754023,
2,C13_S2_B1,C_Q2_Q3_R__S_K_reset__B_B1,0.7030574850815933,1.3057604044563005,2.3988855795864206,0.4467213166747241,0.0002068129271379482,-0.03573149543831952,,-1.379117859416012,-2.7797769725486066,2.4921125910243123,1.11127673907208,,0.06347272169173682
2,C13_S2_B2,C_Q2_Q3_R__S_K_reset__B_B2,0.18431258784363624,1.0913123752649634,2.120948220232025,0.3910510797074288,0.00020089381573430994,-0.03597486095506475,,-1.3941847516935935,-1.8908268688749315,5.711111129764955,1.1377771023615775,,0.05481636113210075
2,C13_S2_B3,C_Q2_Q3_R__S_K_reset__B_B3,0.7053920029353488,1.300426248561636,2.772453017672345,0.5347898939693292,0.00026396951666040095,-0.035776662343264966,,-1.643068671225855,-2.7963306855085523,2.204279939577502,1.1145091886946188,,0.0636983165892183
2,C14_S0_B1,C_Q1_Q2_Q3__S_baseline__B_B1,1.0983579544197604,1.2542241338170133,3.044437627049248,0.49684028902705824,-0.0006625104491451099,-0.03552152136622386,-1.2577423045087377,-2.070970431694827,-2.762945939906003,2.048152823015477,,,
2,C14_S0_B2,C_Q1_Q2_Q3__S_baseline__B_B2,0.8601443952247979,1.440395727521712,1.508353635207316,0.4479952353781469,0.0005501627355898992,-0.035402576351208116,-1.44956156119411,-1.3338772931186051,-2.158348792405597,1.8046916758314262,,,
2,C14_S0_B3,C_Q1_Q2_Q3__S_baseline__B_B3,1.0442512187105313,1.5027851823791714,2.6793013065651907,0.6133221423154365,-0.0007064125559717642,-0.035409601955220166,-1.2515448327074206,-1.7000186527894947,-2.6620166058106993,1.9854090021235586,,,
2,C14_S1_B1,C_Q1_Q2_Q3__S_x_reset__B_B1,2.3320165971055355,1.695542896433128,2.4257990157363656,0.3527694583545064,7.775588457028545e-05,-0.03512172365147347,-0.9859927103738184,-1.2096466651514766,-2.751051567416076,3.14747970771478,,0.3694277718534339,
2,C14_S1_B2,C_Q1_Q2_Q3__S_x_reset__B_B2,2.2218256265592604,0.43395742291609457,1.7382471498508103,0.5445420394502418,-0.00030150061415297344,-0.033086445799540475,-0.9926703188163777,-1.6184206817205493,-2.5061911613414933,3.0475539716065643,,0.4301047821901473,
2,C14_S1_B3,C_Q1_Q2_Q3__S_x_reset__B_B3,2.2840092082018764,1.6158461296547606,2.4959781622084676,0.40201697771575234,0.0003987104195504907,-0.035722386218227556,-0.9510458944415149,-1.3196795352223325,-2.368684910014552,2.7838279295253616,,0.36760989957851176,
2,C14_S2_B1,C_Q1_Q2_Q3__S_K_reset__B_B1,1.1441615326347974,1.1022523879655952,2.6668839531542954,0.4135635178987202,-0.000963034037171477,-0.03384443461893414,-1.3743708055681945,-1.577094905831661,-2.9055359711536934,2.2730149022789217,,,0.0809017123154448
2,C14_S2_B2,C_Q1_Q2_Q3__S_K_reset__B_B2,0.6751763850154208,1.3860760442253326,1.3424732185417474,0.41996901630542494,-0.000182092729715764,-0.03386064013007026,-1.5761318933722661,-1.2979122673235428,-2.00629051724693,1.7462272582909888,,,0.06846700757362618
2,C14_S2_B3,C_Q1_Q2_Q3__S_K_reset__B_B3,1.1726335958925926,1.2747622110848182,2.4016856447098314,0.5265818386238919,-0.0010809932226787124,-0.03372318838348775,-1.3637169754557716,-1.5965647624580726,-2.828929680927203,2.1851612228561677,,,0.08068103759810269
2,C15_S0_B1,C_Q1_Q2_Q3_R__S_baseline__B_B1,1.278677018230911,0.934473077678168,2.286810491072775,0.6135831659083233,0.0004758057546647271,-0.03688547899881663,-1.5712721437078356,-1.4876619975078251,-2.894547655070919,2.7488114898468523,1.2511237593533469,,
2,C15_S0_B2,C_Q1_Q2_Q3_R__S_baseline__B_B2,1.0819512622437313,0.9541039668046676,1.6046103736177786,0.42907118982227954,-7.896108808580619e-05,-0.03644917411799545,-2.2840784623916766,-1.4893161388056178,-2.2959682258965812,4.929176695740433,1.1046757356567707,,
2,C15_S0_B3,C_Q1_Q2_Q3_R__S_baseline__B_B3,1.283295265454377,0.9658953254808901,2.919057354812202,0.5273702637580849,0.00019565703928854113,-0.03647880128270675,-1.596396009966638,-1.5182142166105483,-2.913603650106637,3.281941538647938,1.2403361031799216,,
2,C15_S1_B1,C_Q1_Q2_Q3_R__S_x_reset__B_B1,1.640929440869031,0.577461710505795,2.41820451578908,0.5609014126952047,-8.046569381522329e-05,-0.0349059392758797,-0.7599004412118244,-1.5110357600942033,-2.4639105700522617,3.0417066596067643,1.306198133916842,0.3602454554423209,
2,C15_S1_B2,C_Q1_Q2_Q3_R__S_x_reset__B_B2,1.6576900539227615,0.26968224264235896,1.1375312140926093,0.7163454563266121,-0.0001813870849218319,-0.03469874082559976,-2.2772203095357124,-0.7848055668634395,-2.8522342148130346,5.004746109584553,1.1686549713833854,0.5071137093462492,
2,C15_S1_B3,C_Q1_Q2_Q3_R__S_x_reset__B_B3,1.4930954599184134,0.5948848519467744,2.2136675953698344,0.5248842668966518,0.0001732877290210221,-0.034988741659564226,-0.6698503576351608,-1.122171401763906,-2.2331852402132117,3.1244529753122054,1.3799125371511731,0.3728644078489198,
2,C15_S2_B1,C_Q1_Q2_Q3_R__S_K_reset__B_B1,1.8437931568430124,1.0268700535615671,2.38091227192171,0.6716242997657248,8.687785940317082e-05,-0.0352912007684229,-1.693350545242621,-1.3722324757689632,-2.702698385855063,3.2418689260482334,1.199900947176017,,0.06814876455612552
2,C15_S2_B2,C_Q1_Q2_Q3_R__S_K_reset__B_B2,1.6080022880545874,1.0177093463209563,1.5941457667923127,0.4482760177316694,2.52276057449556e-05,-0.03576988221266794,-2.8289202562440163,-1.9353964381817164,-2.3637099366313663,3.457001075012713,1.0735941383114052,,0.06449173096902482
2,C15_S2_B3,C_Q1_Q2_Q3_R__S_K_reset__B_B3,1.8465619507883404,1.019921203406266,2.492054303605595,0.5096964508484193,0.00011951796324580021,-0.03537545207617718,-1.7415840471864348,-1.0711650789913436,-2.5058886342781,1.9270411500082099,1.1098469150529278,,0.06867604710819321
2,C1_S0_B1,C_Q1__S_baseline__B_B1,1.0215035754166115,0.6016938922506515,2.713095146502175,0.5983088252602538,-0.0006535897684346277,-0.03487223519052904,-1.32508607844298,,,1.8635392139152478,,,
2,C1_S0_B2,C_Q1__S_baseline__B_B2,1.7402221870370973,0.3413468756683585,0.8985806348702682,0.457880393064187,0.00010565563851998148,-0.03388576389885457,-1.5902005855863761,,,2.895790533081952,,,
2,C1_S0_B3,C_Q1__S_baseline__B_B3,1.117253704748906,0.6547460919716649,2.6035550336041173,0.567999617885998,-0.0005753047614937026,-0.03491591921062384,-1.339546027172393,,,2.0151441713284033,,,
2,C1_S1_B1,C_Q1__S_x_reset__B_B1,2.248863544255224,0.8521627903943372,2.320634899757653,0.6833972781520656,6.487393252847616e-05,-0.03434300121895594,-1.0199663667621917,,,3.0365260244050987,,0.384682480243826,
2,C1_S1_B2,C_Q1__S_x_reset__B_B2,2.725180727346013,0.562699538748229,0.9441102736573469,0.6650242930021136,0.0004082521714157519,-0.03182395676513414,-1.816003026950277,,,3.856210298499664,,0.4356959901823776,
2,C1_S1_B3,C_Q1__S_x_reset__B_B3,2.4241893212776215,1.0090620494005402,2.6370899877538356,0.3201764524101707,0.00020320981263799505,-0.03465667858992312,-1.3762737767951418,,,3.3128259665696507,,0.38632455977772595,
2,C1_S2_B1,C_Q1__S_K_reset__B_B1,1.1713744205564394,0.8529307285244855,2.803238478343545,0.4384746067759487,-0.0011641088895903188,-0.033039120364979885,-1.397529537336967,,,2.0414806261947307,,,0.08118759353397353
2,C1_S2_B2,C_Q1__S_K_reset__B_B2,1.7103235549140494,0.5006437182135068,0.8368465772625789,0.5402489891234151,-0.0005077991185311004,-0.03244727956831253,-1.725118767531088,,,3.019160281381804,,,0.07432079604689176
2,C1_S2_B3,C_Q1__S_K_reset__B_B3,1.3154117282060194,1.0762440559077542,2.317106065023543,0.5337046805128028,-0.0011116127645769878,-0.03304472072300126,-1.338303845768209,,,2.429980370925908,,,0.07941913323852642
2,C2_S0_B1,C_Q2__S_baseline__B_B1,2.0238929835791954,1.8013353233815494,2.5449978056442526,0.3762125530770399,-8.746779106889426e-05,-0.03667046353505788,,-1.6224397065731333,,2.923310395910951,,,
2,C2_S0_B2,C_Q2__S_baseline__B_B2,1.5936487199707898,0.2874786887578847,1.155631865678847,0.46596852592750104,0.00313577848720805,-0.03691828943829997,,-2.5170417693613634,,2.958825025402873,,,
2,C2_S0_B3,C_Q2__S_baseline__B_B3,1.875087448430692,2.0141265182022576,2.2458350934267557,0.3722110589121161,-5.981562769215866e-05,-0.036811954418024276,,-1.6191599686301332,,2.8797139240729783,,,
2,C2_S1_B1,C_Q2__S_x_reset__B_B1,2.553093554713657,2.0412405705337267,2.9647124829449965,0.4552365594861975,0.0007222556467622945,-0.03639179496688125,,-0.8997644986115304,,3.1339513080947636,,0.3618496264064968,
2,C2_S1_B2,C_Q2__S_x_reset__B_B2,2.8788163185976376,2.410040112724445,1.2038407827896305,0.46375958440702836,0.0015998020827174423,-0.035928873432872495,,-1.9643156442686769,,4.3971906682964,,0.38935009740042603,
2,C2_S1_B3,C_Q2__S_x_reset__B_B3,2.254226570877797,1.9640171523094878,2.4541386303354096,0.5041717974476867,0.0006010204663053722,-0.03613154948390476,,-0.9619678764983927,,2.968300293976428,,0.36539674515307946,
2,C2_S2_B1,C_Q2__S_K_reset__B_B1,2.167195163684942,1.22986946232851,2.1308673344260387,0.5577164795895097,-0.0002714116920761506,-0.03524988370040999,,-1.5913587049682045,,2.345049304730765,,,0.07252233965095407
2,C2_S2_B2,C_Q2__S_K_reset__B_B2,2.348442121124408,0.5031823540139645,1.1070981445801895,0.450990420637207,0.0012732513078041235,-0.03561770862089022,,-2.100426384259158,,2.8008538855913265,,,0.06656979641622572
2,C2_S2_B3,C_Q2__S_K_reset__B_B3,2.143938052571474,1.2170364341036597,1.9381039595406173,0.39651970641325585,-6.356234189093566e-05,-0.03551573684935323,,-1.4551858118017678,,2.365699316154953,,,0.07245968941010608
2,C3_S0_B1,C_Q3__S_baseline__B_B1,2.0177153607455782,1.0251168878440842,2.728074490750922,0.468052891025962,-6.129586808434056e-05,-0.0359124935125639,,,-2.0304013562220002,2.6775743976663016,,,
2,C3_S0_B2,C_Q3__S_baseline__B_B2,0.9079484164693661,0.1279408791615486,2.0964867314867814,0.5152070095598221,0.0006554982831954998,-0.03610239885270878,,,-2.1647154466186898,2.2867118447452763,,,
2,C3_S0_B3,C_Q3__S_baseline__B_B3,1.5649025569244743,1.1869446538798132,2.556141140640865,0.5690192698385894,-0.00012987922965596821,-0.03578998718282566,,,-2.1733363927322804,2.592031071321094,,,
2,C3_S1_B1,C_Q3__S_x_reset__B_B1,3.829654388877166,1.0797826770206518,3.01869611260849,0.5403140434781755,0.00041026378248495537,-0.03494658080444769,,,-2.226324512674489,4.09801678144646,,0.3920379444557701,
2,C3_S1_B2,C_Q3__S_x_reset__B_B2,1.2811976696227296,0.36776571711220546,1.9520314734642432,0.6902028076128592,0.0023224143964228412,-0.035266657034220335,,,-2.530793837706721,2.9696658683042143,,0.4660228476423976,
2,C3_S1_B3,C_Q3__S_x_reset__B_B3,3.66953086073033,1.3029960335587756,2.3513534710611825,0.5644079405582016,0.00024157076542099235,-0.03465116433697718,,,-2.065422726337486,4.258947912602255,,0.3914525492426364,
2,C3_S2_B1,C_Q3__S_K_reset__B_B1,2.065057555078362,1.060067047450926,2.60658099450575,0.4593851154095103,-0.0003999161335540695,-0.034346968954227654,,,-2.2566642301569146,2.3207197833695647,,,0.07424224959882168
2,C3_S2_B2,C_Q3__S_K_reset__B_B2,0.33446391402057757,0.1621933489623251,1.8452871712863042,0.4565434881248007,0.000194877674668246,-0.034925540475495925,,,-2.45731787965968,1.6084670302939004,,,0.07625963259482643
2,C3_S2_B3,C_Q3__S_K_reset__B_B3,2.1988653456730165,0.9934892028181953,2.2971876082169844,0.5424264391683189,-0.00047500990567501294,-0.034230304028915554,,,-2.7775038840972592,2.328096005472668,,,0.07504840094534458
2,C4_S0_B1,C_R__S_baseline__B_B1,0.646373777799292,0.3615198265480256,3.3033848621810247,0.5955041534590294,0.0006455566934654377,-0.0365417188029935,,,,1.9748146929848962,1.095426581589831,,
2,C4_S0_B2,C_R__S_baseline__B_B2,0.46823364983155796,0.1735897972072381,0.3768300190099633,0.6198764674772166,0.0011847603162258372,-0.035959732521160866,,,,4.89221641976363,1.0987312431406107,,
2,C4_S0_B3,C_R__S_baseline__B_B3,0.6493956547711178,0.3607094643137375,2.1513520729886006,0.4257357519089115,0.0007577501995662337,-0.036734725667594344,,,,2.2931901688847773,1.098059924746362,,
2,C4_S1_B1,C_R__S_x_reset__B_B1,0.6750540984904295,0.24016618602173437,2.294563120722128,0.372112719934527,0.0008593933755093329,-0.0360604531626495,,,,2.393452930162196,1.124135995756739,0.39266106613120366,
2,C4_S1_B2,C_R__S_x_reset__B_B2,0.6024226818825614,0.10430982478135088,0.2319457027446142,0.6986852572096212,0.0003263367378002959,-0.033836795690344694,,,,4.7280663364341295,1.16152010056338,0.49941695049043117,
2,C4_S1_B3,C_R__S_x_reset__B_B3,0.6719262419343672,0.2430180451464237,2.7570168772109414,0.5516128443761035,0.0006197828982178368,-0.03563002857392349,,,,3.26258612488493,1.1220863914479635,0.38955952144776235,
2,C4_S2_B1,C_R__S_K_reset__B_B1,0.744170543384228,0.3687190276958493,1.9402419505919826,0.4510043902042629,0.00032932171749716724,-0.035503942067456024,,,,1.977875843486476,1.1073842248188972,,0.07006145152371636
2,C4_S2_B2,C_R__S_K_reset__B_B2,0.4358480309998008,0.19073376077489287,0.49474220067839897,0.5455992383468945,0.000833753336236032,-0.03475011517061777,,,,3.8186918106695487,1.116433830738715,,0.07001158561883408
2,C4_S2_B3,C_R__S_K_reset__B_B3,0.7415680698996965,0.3681010414492158,2.281391586269411,0.4928011527350842,0.0002828464961297542,-0.03536735021514047,,,,2.815774301699138,1.107107753792798,,0.07002601981033348
2,C5_S0_B1,C_Q1_R__S_baseline__B_B1,1.6671001393291767,0.31552944550503303,1.7652187295346677,0.40738299915619236,0.0004493791306309667,-0.03593686312319112,-1.6242042398470746,,,2.828324510165432,1.2560216732247502,,
2,C5_S0_B2,C_Q1_R__S_baseline__B_B2,1.8391108740574047,0.10337712063597179,0.29166910474314656,0.5311753214876954,0.0011981519411482532,-0.03476587820868926,-2.5863009556909713,,,3.43346782464174,1.0310847550410214,,
2,C5_S0_B3,C_Q1_R__S_baseline__B_B3,1.6875811031575234,0.3146970722999251,1.8478279570635436,0.4662123396991111,0.0004683739040675271,-0.03609553526936741,-1.6220178117345372,,,2.8643266220107644,1.2520241615227563,,
2,C5_S1_B1,C_Q1_R__S_x_reset__B_B1,2.0448167494210545,0.2124566662607683,2.6063358626888564,0.3758122683512852,-0.00022938770577641277,-0.03361344528319367,-1.0806960342749812,,,2.816834345468375,1.1773875775375167,0.3943228261601688,
2,C5_S1_B2,C_Q1_R__S_x_reset__B_B2,2.070881157941386,0.10663768625719756,0.14329022874050992,0.661083133246211,-0.0027972402535124258,-0.033092850200739245,-2.1790818994396477,,,6.114778974452355,1.13551170560391,0.48634557591239963,
2,C5_S1_B3,C_Q1_R__S_x_reset__B_B3,2.0472523196395525,0.21065709719733786,2.7071990969689703,0.430904508409823,9.048865602022583e-05,-0.03393072565630945,-0.9231805430335528,,,2.693136670038282,1.3121831669143618,0.3878299709523418,
2,C5_S2_B1,C_Q1_R__S_K_reset__B_B1,2.119886896928966,0.33257253380833873,2.5603595982520666,0.4994134451715185,1.7514888232664543e-05,-0.034420337247258875,-1.6650265251906766,,,3.6798061445876455,1.1794766197286466,,0.06696345970358819
2,C5_S2_B2,C_Q1_R__S_K_reset__B_B2,2.135152905993513,0.19039765268422393,0.233190452930549,0.5829899561203655,0.0008543030748100487,-0.03401398466932002,-2.3058854145005516,,,4.049881876562109,0.9930104327435205,,0.06687615682464067
2,C5_S2_B3,C_Q1_R__S_K_reset__B_B3,2.1259385969103293,0.330483166226589,2.275609292757266,0.5221919049155281,-0.00012055396825209423,-0.03419279295245776,-1.6215519096227895,,,2.5910166401183625,1.1826036887957694,,0.06818360963316271
2,C6_S0_B1,C_Q2_R__S_baseline__B_B1,0.6218191283473621,1.2545324459354903,2.285375481348757,0.5201838864117367,0.0005063098298579409,-0.03688524104523563,,-1.7067301373890955,,1.9017499319826299,1.1116237257966477,,
2,C6_S0_B2,C_Q2_R__S_baseline__B_B2,0.37193903760234853,0.9867896409886964,0.48005926062491683,0.4506449855903375,0.0014146218524903878,-0.03584025830163728,,-2.3412080180103,,4.064738992239212,1.1158099768668315,,
2,C6_S0_B3,C_Q2_R__S_baseline__B_B3,0.6213786015138728,1.252670866973133,1.9245672282568242,0.46400984442951926,0.0005667706358863955,-0.03695266792476802,,-1.689771532853105,,1.9526755551342923,1.1111522891465315,,
2,C6_S1_B1,C_Q2_R__S_x_reset__B_B1,0.6226660017821188,0.7809126515361335,2.780282662681758,0.6106964092000614,0.0009159696080062534,-0.036974893288482795,,-1.0366789219315449,,2.4657155785826004,1.1361160715699254,0.3615009509003117,
2,C6_S1_B2,C_Q2_R__S_x_reset__B_B2,0.5412432553179625,0.6798823284161792,0.19914498654940269,0.6510049948225434,1.0015853175785915e-05,-0.03423014901700609,,-2.472806491409672,,4.829393498722574,1.183847430075525,0.4824548377514606,
2,C6_S1_B3,C_Q2_R__S_x_reset__B_B3,0.6262044301880334,0.7793151367290495,2.0158257096311933,0.5407889135187133,0.0008934684004429772,-0.03690463982579211,,-1.0774169110835803,,2.3678096488436946,1.141975989472668,0.36715756034999986,
2,C6_S2_B1,C_Q2_R__S_K_reset__B_B1,0.7125660182036732,1.291507974599403,2.7452564053930355,0.5598510524100417,3.998421832299558e-05,-0.03539780726748596,,-1.7498805315653434,,2.5154889153203466,1.1198959243446907,,0.0641799925888768
2,C6_S2_B2,C_Q2_R__S_K_reset__B_B2,0.42853335136909343,0.9968834333596924,0.5196317359194226,0.5737378478968359,0.0012847429021842912,-0.0347759135454575,,-2.5182867524231125,,3.7062043347824267,1.1209733685919927,,0.06455793583622021
2,C6_S2_B3,C_Q2_R__S_K_reset__B_B3,0.7073386339584571,1.3123154738125586,2.5388895861299825,0.49710658394170065,0.00028266862802363513,-0.03589253924581252,,-1.7307502800623709,,2.131871667663247,1.1141206998694437,,0.062226009110759636
2,C7_S0_B1,C_Q3_R__S_baseline__B_B1,0.650321468636002,0.35858588252288154,2.659374836574283,0.41596900455992425,0.0006868091590882647,-0.036632595545525566,,,-3.4712515155476895,2.359041748232434,1.0988787610851378,,
2,C7_S0_B2,C_Q3_R__S_baseline__B_B2,0.22160186449880542,0.22823459421082345,1.8692233449541507,0.468525826134292,0.0004230623450892784,-0.037065170209913144,,,-2.4876332011474434,4.786842742348454,1.1313486023693435,,
2,C7_S0_B3,C_Q3_R__S_baseline__B_B3,0.6495809922926647,0.3609639391318184,2.5320498761162065,0.5252852435805555,0.0005769866595607558,-0.036449091166579684,,,-2.5762960558486916,2.191045557246836,1.1003373257047124,,
2,C7_S1_B1,C_Q3_R__S_x_reset__B_B1,0.6748571443668938,0.24063671182718702,2.439159961033805,0.5757441273688865,0.000784475247926368,-0.035869300430668154,,,-2.9836044541553695,2.737592771545623,1.1237871857359791,0.3901298822927217,
2,C7_S1_B2,C_Q3_R__S_x_reset__B_B2,0.4937058539855169,0.12217318215315652,1.3890904999543505,0.6674549322069381,0.001521657566604085,-0.035747861859674,,,-3.337603155106178,5.514741832112099,1.1714549339336864,0.4871195684340377,
2,C7_S1_B3,C_Q3_R__S_x_reset__B_B3,0.676599004509161,0.2405177713574494,2.4852621282624128,0.4577636029406103,0.0007504077337603485,-0.03578676138261428,,,-2.7164739240145077,2.3551928635129515,1.1290583963245349,0.3913706376841338,
2,C7_S2_B1,C_Q3_R__S_K_reset__B_B1,0.744014714988065,0.371212824305854,2.524087732983989,0.5451995838846287,0.0002496418562695085,-0.0353947753033727,,,-1.5460299280083498,3.798111368895496,1.1098096124202974,,0.06991319514743687
2,C7_S2_B2,C_Q3_R__S_K_reset__B_B2,0.2558254383525362,0.2409531511255615,1.8465558094904864,0.4366239255302929,0.0006690349434614493,-0.036733329659324215,,,-1.8911644284611286,4.8938396172486485,1.11056607588893,,0.0698789037461893
2,C7_S2_B3,C_Q3_R__S_K_reset__B_B3,0.7441734876633006,0.3688160091389948,3.1045703036064207,0.469619530920775,0.0002933034841055601,-0.0355497450867689,,,-2.5751214123752337,3.5382409743751655,1.1071187169015797,,0.06938012984603113
2,C8_S0_B1,C_Q1_Q2__S_baseline__B_B1,1.035786620240085,1.2639437544525267,2.626105255669836,0.5030555687326737,-0.0007449215182361854,-0.03534804916521438,-0.9629441876151718,-1.9548591125237373,,2.048343261103742,,,
2,C8_S0_B2,C_Q1_Q2__S_baseline__B_B2,1.400289799366196,1.0832473599073587,1.0493328101299904,0.4297715406538641,0.002384046206284891,-0.03560604018692662,-1.8584012527325326,-2.841300902328029,,3.106785466820433,,,
2,C8_S0_B3,C_Q1_Q2__S_baseline__B_B3,1.0797806924160291,1.437913232619902,2.453283294356762,0.3816721087586782,-0.0007187280785259817,-0.035322800120980595,-1.0659707348321066,-2.0136721169824665,,2.0814401358582013,,,
2,C8_S1_B1,C_Q1_Q2__S_x_reset__B_B1,2.3158957382903784,1.9105051716255756,2.772972784902751,0.6006038290045328,0.00018643664157987357,-0.035291099044373206,-1.0206268958648954,-1.31863073979258,,3.03201587369022,,0.3631874077963716,
2,C8_S1_B2,C_Q1_Q2__S_x_reset__B_B2,2.4651914273942013,1.1253345826745589,1.0000197107065416,0.5269009225434492,0.0001997510631606086,-0.03388694664555978,-1.7906078591647854,-2.0316759013799603,,3.721454433755362,,0.3703755785528577,
2,C8_S1_B3,C_Q1_Q2__S_x_reset__B_B3,2.0910979541441006,1.6842739597348064,2.896042592341682,0.43284039400885005,0.0002859891441928585,-0.03549230239444889,-0.9750213352300279,-1.268419539907834,,2.7735724897393244,,0.3718107130792865,
2,C8_S2_B1,C_Q1_Q2__S_K_reset__B_B1,1.1132220969090731,1.1063091903895603,1.8785150049244772,0.4450358061466357,-0.001108786342636381,-0.033653281213838156,-1.4398033653700482,-1.5809858944994417,,1.9774011722471792,,,0.08180801257397123
2,C8_S2_B2,C_Q1_Q2__S_K_reset__B_B2,1.3704504566819067,0.5732824584621217,0.7830107822096288,0.44239905544747926,3.4226384357722625e-05,-0.0336143825361199,-1.7838401168139286,-1.9701331457396984,,2.6645074478224604,,,0.07574655606330673
2,C8_S2_B3,C_Q1_Q2__S_K_reset__B_B3,1.1867345914460834,1.2430957316189544,2.5883202382521846,0.4457888908349851,-0.0011031576915137313,-0.03355349717418322,-0.9179650846285682,-1.6035191385215122,,2.2750220384364708,,,0.0814369557815518
2,C9_S0_B1,C_Q1_Q3__S_baseline__B_B1,1.112939477404906,0.7170433370579881,2.2546498968522353,0.5022255920858769,-0.0005757352177370767,-0.034921879984534096,-1.366884956869035,,-2.752784381725344,2.0651784162206335,,,
2,C9_S0_B2,C_Q1_Q3__S_baseline__B_B2,1.1088482750615818,0.1047622498154798,1.484798687758654,0.5150865955273871,-0.0001482490916436875,-0.034582967952846586,-1.9833483964916552,,-1.9122508601334587,1.8738983032200955,,,
2,C9_S0_B3,C_Q1_Q3__S_baseline__B_B3,1.1243346701078996,1.1214055693668514,1.880327962446063,0.5455928339380309,-0.0006784861732467732,-0.03488423535046305,-1.2867083810754087,,-2.3325587804317687,2.3987028880412073,,,
2,C9_S1_B1,C_Q1_Q3__S_x_reset__B_B1,2.201478953637034,0.9335239172973876,2.342115616396745,0.41465710101289555,0.0002029165268614837,-0.03465593522704014,-1.059508907238743,,-1.983107999055975,3.1831978005439976,,0.3874987842960612,
2,C9_S1_B2,C_Q1_Q3__S_x_reset__B_B2,1.9548829680225146,0.2965939278234852,1.5871493582209957,0.625169693348568,0.0018180636947551715,-0.033299864445921805,-1.6280243176353288,,-2.178971606528647,2.616915654462632,,0.42672781390995546,
2,C9_S1_B3,C_Q1_Q3__S_x_reset__B_B3,2.074813521557607,0.8719970641499484,2.655647493956382,0.43411161469316056,0.00010476057240214887,-0.03447199558868069,-1.0724612750610938,,-2.8971971064825244,3.0286672473939684,,0.3839761729840523,
2,C9_S2_B1,C_Q1_Q3__S_K_reset__B_B1,1.0854405725022158,0.8474904421082681,2.361447135557773,0.38941679137783874,-0.001042420126917856,-0.0332648156280621,-1.4866961770181855,,-1.8472556814744954,1.9779695172957117,,,0.0793398161044946
2,C9_S2_B2,C_Q1_Q3__S_K_reset__B_B2,0.988933138411554,0.3496403094430471,1.2641727843557105,0.45657057063815676,-0.0002495923490757281,-0.03337800224018583,-1.8609925575602484,,-1.3733278584088697,2.3570331742228747,,,0.07317648795546056
2,C9_S2_B3,C_Q1_Q3__S_K_reset__B_B3,1.1509573426487998,0.7501303917325299,2.5574986179492107,0.463226203022025,-0.0008971108162299812,-0.03343620412455233,-1.406738665803497,,-2.28984711041639,1.9816586929470419,,,0.08025370444570433
