dataset,lag,predictor,condition,subID,slope
experiment1,-3,preDur3back,High,026578,-0.07628206385783035
experiment1,-3,preDur3back,Low,026578,0.040740229367475005
experiment1,-3,preDur3back,High,109550,0.03290981176417677
experiment1,-3,preDur3back,Low,109550,0.08779260288956815
experiment1,-3,preDur3back,High,199724,0.05131080892822078
experiment1,-3,preDur3back,Low,199724,0.14772141158235108
experiment1,-3,preDur3back,High,241220,0.01519778077183392
experiment1,-3,preDur3back,Low,241220,0.02010151370139583
experiment1,-3,preDur3back,High,243787,0.013416870365205141
experiment1,-3,preDur3back,Low,243787,0.024162331801771887
experiment1,-3,preDur3back,High,312070,-0.029665106709429206
experiment1,-3,preDur3back,Low,312070,0.06454094327733914
experiment1,-3,preDur3back,High,328537,0.1014319926229615
experiment1,-3,preDur3back,Low,328537,-0.0307738096865698
experiment1,-3,preDur3back,High,349889,-0.002079526253206659
experiment1,-3,preDur3back,Low,349889,0.006014142980141177
experiment1,-3,preDur3back,High,384894,0.06012462053277481
experiment1,-3,preDur3back,Low,384894,-0.09663733785884726
experiment1,-3,preDur3back,High,658375,0.02976879893159603
experiment1,-3,preDur3back,Low,658375,0.10435974267759537
experiment1,-3,preDur3back,High,730111,0.00011628989380662799
experiment1,-3,preDur3back,Low,730111,0.04952874826226043
experiment1,-3,preDur3back,High,743968,0.020276996893662892
experiment1,-3,preDur3back,Low,743968,-0.06373220295107582
experiment1,-3,preDur3back,High,785063,0.004732328183119701
experiment1,-3,preDur3back,Low,785063,-0.0025745752853067235
experiment1,-3,preDur3back,High,785667,0.03971076383584937
experiment1,-3,preDur3back,Low,785667,0.028124758158132503
experiment1,-3,preDur3back,High,787955,0.010029961381754892
experiment1,-3,preDur3back,Low,787955,-0.00516535103519874
experiment1,-3,preDur3back,High,803870,0.024178541006551257
experiment1,-3,preDur3back,Low,803870,-0.09402457385263069
experiment1,-3,preDur3back,High,820531,0.026542163693362122
experiment1,-3,preDur3back,Low,820531,0.09485456511766188
experiment1,-3,preDur3back,High,828098,-0.0897947428884321
experiment1,-3,preDur3back,Low,828098,-0.028411150214302364
experiment1,-3,preDur3back,High,882052,0.15930257712802237
experiment1,-3,preDur3back,Low,882052,-0.04378445822985898
experiment1,-3,preDur3back,High,897347,0.09375565858346017
experiment1,-3,preDur3back,Low,897347,0.026291290134131992
experiment1,-3,preDur3back,High,919598,-0.06600207744672759
experiment1,-3,preDur3back,Low,919598,-0.0896061034473775
experiment1,-3,preDur3back,High,994851,0.02462032877001956
experiment1,-3,preDur3back,Low,994851,0.043705393171999174
experiment1,-2,preDur2back,High,026578,-0.03247261132312189
experiment1,-2,preDur2back,Low,026578,0.07600671020271882
experiment1,-2,preDur2back,High,109550,-0.0525552638449712
experiment1,-2,preDur2back,Low,109550,0.06826229989736551
experiment1,-2,preDur2back,High,199724,0.09107461016692511
experiment1,-2,preDur2back,Low,199724,-0.07079808751562905
experiment1,-2,preDur2back,High,241220,0.09131681706831926
experiment1,-2,preDur2back,Low,241220,0.13973230828146652
experiment1,-2,preDur2back,High,243787,0.05317818420162341
experiment1,-2,preDur2back,Low,243787,0.07484804690377597
experiment1,-2,preDur2back,High,312070,-0.06201820851975854
experiment1,-2,preDur2back,Low,312070,0.15409904607517894
experiment1,-2,preDur2back,High,328537,0.1260541805730138
experiment1,-2,preDur2back,Low,328537,0.0523733265347235
experiment1,-2,preDur2back,High,349889,0.01544263016983894
experiment1,-2,preDur2back,Low,349889,-0.04469154549492991
experiment1,-2,preDur2back,High,384894,0.01218660502102271
experiment1,-2,preDur2back,Low,384894,-0.023369922579778393
experiment1,-2,preDur2back,High,658375,0.05039650451583705
experiment1,-2,preDur2back,Low,658375,0.012846188055749002
experiment1,-2,preDur2back,High,730111,0.021407196383824538
experiment1,-2,preDur2back,Low,730111,0.017433417947121724
experiment1,-2,preDur2back,High,743968,0.045565431767736024
experiment1,-2,preDur2back,Low,743968,-0.0063555016181222005
experiment1,-2,preDur2back,High,785063,0.11835054271844239
experiment1,-2,preDur2back,Low,785063,-0.017574572853856836
experiment1,-2,preDur2back,High,785667,-0.025284677850422904
experiment1,-2,preDur2back,Low,785667,-0.14557403520337792
experiment1,-2,preDur2back,High,787955,0.010254335981553295
experiment1,-2,preDur2back,Low,787955,0.0548266549244094
experiment1,-2,preDur2back,High,803870,0.006984689503308016
experiment1,-2,preDur2back,Low,803870,0.0809677318949244
experiment1,-2,preDur2back,High,820531,-0.035354825906170895
experiment1,-2,preDur2back,Low,820531,-0.012459525977824138
experiment1,-2,preDur2back,High,828098,-0.01737294428496152
experiment1,-2,preDur2back,Low,828098,0.028184637801905346
experiment1,-2,preDur2back,High,882052,0.0876371561539426
experiment1,-2,preDur2back,Low,882052,-0.026420647193860322
experiment1,-2,preDur2back,High,897347,-0.024709382959712936
experiment1,-2,preDur2back,Low,897347,0.042546263014545956
experiment1,-2,preDur2back,High,919598,0.10167731892604405
experiment1,-2,preDur2back,Low,919598,0.08910415668671498
experiment1,-2,preDur2back,High,994851,0.08472945707175715
experiment1,-2,preDur2back,Low,994851,0.016686754284263493
experiment1,-1,preDur1back,High,026578,-0.04260760098811474
experiment1,-1,preDur1back,Low,026578,0.043357419999607946
experiment1,-1,preDur1back,High,109550,0.020245107554743694
experiment1,-1,preDur1back,Low,109550,-0.05418891429943385
experiment1,-1,preDur1back,High,199724,0.04270154754476342
experiment1,-1,preDur1back,Low,199724,0.10849113586564714
experiment1,-1,preDur1back,High,241220,-0.06901373919871934
experiment1,-1,preDur1back,Low,241220,0.03719661218014196
experiment1,-1,preDur1back,High,243787,0.013407004469499932
experiment1,-1,preDur1back,Low,243787,0.12892814195402338
experiment1,-1,preDur1back,High,312070,0.011347013649946263
experiment1,-1,preDur1back,Low,312070,0.08527605803811651
experiment1,-1,preDur1back,High,328537,0.06831731690699452
experiment1,-1,preDur1back,Low,328537,0.041584109729400964
experiment1,-1,preDur1back,High,349889,0.09761390086277741
experiment1,-1,preDur1back,Low,349889,0.15435266560842467
experiment1,-1,preDur1back,High,384894,0.009093485432020296
experiment1,-1,preDur1back,Low,384894,0.13113785438553996
experiment1,-1,preDur1back,High,658375,0.016692510693159135
experiment1,-1,preDur1back,Low,658375,0.013251831686810062
experiment1,-1,preDur1back,High,730111,0.09880190412482734
experiment1,-1,preDur1back,Low,730111,0.07881750396583063
experiment1,-1,preDur1back,High,743968,0.0896682580638094
experiment1,-1,preDur1back,Low,743968,0.03235147950790489
experiment1,-1,preDur1back,High,785063,0.029378695220247136
experiment1,-1,preDur1back,Low,785063,0.04694204504786542
experiment1,-1,preDur1back,High,785667,0.05155564147419492
experiment1,-1,preDur1back,Low,785667,0.1848489401454192
experiment1,-1,preDur1back,High,787955,0.048465637784869675
experiment1,-1,preDur1back,Low,787955,0.02814741172356426
experiment1,-1,preDur1back,High,803870,-0.0917616533118509
experiment1,-1,preDur1back,Low,803870,-0.02029002888688758
experiment1,-1,preDur1back,High,820531,0.03725359698113727
experiment1,-1,preDur1back,Low,820531,0.013795274235557287
experiment1,-1,preDur1back,High,828098,-0.05445253232159153
experiment1,-1,preDur1back,Low,828098,0.08806513173346389
experiment1,-1,preDur1back,High,882052,0.015005707367803102
experiment1,-1,preDur1back,Low,882052,0.09608327205939529
experiment1,-1,preDur1back,High,897347,0.0006210063020925943
experiment1,-1,preDur1back,Low,897347,0.07444056341779419
experiment1,-1,preDur1back,High,919598,-0.001189976588110056
experiment1,-1,preDur1back,Low,919598,0.054359986016158594
experiment1,-1,preDur1back,High,994851,-0.02043421149283774
experiment1,-1,preDur1back,Low,994851,0.05356300575635038
experiment1,1,postDur1,High,026578,0.08572152040904657
experiment1,1,postDur1,Low,026578,-0.07315661588911355
experiment1,1,postDur1,High,109550,-0.042538393916375566
experiment1,1,postDur1,Low,109550,-0.03183867127463691
experiment1,1,postDur1,High,199724,-0.039115029516544074
experiment1,1,postDur1,Low,199724,-0.016963253751194042
experiment1,1,postDur1,High,241220,-0.10009682398565026
experiment1,1,postDur1,Low,241220,0.002933360260507549
experiment1,1,postDur1,High,243787,-0.127397510749126
experiment1,1,postDur1,Low,243787,-0.060755906832020194
experiment1,1,postDur1,High,312070,-0.1233244484779485
experiment1,1,postDur1,Low,312070,0.08574824847117396
experiment1,1,postDur1,High,328537,0.042003090560353645
experiment1,1,postDur1,Low,328537,-0.02680155083102931
experiment1,1,postDur1,High,349889,-0.048230358692883946
experiment1,1,postDur1,Low,349889,0.0913680410724984
experiment1,1,postDur1,High,384894,0.08302838600178276
experiment1,1,postDur1,Low,384894,-0.05494796962639865
experiment1,1,postDur1,High,658375,0.003163100420950944
experiment1,1,postDur1,Low,658375,0.030622083287748333
experiment1,1,postDur1,High,730111,-0.05924151514406796
experiment1,1,postDur1,Low,730111,0.050355170880735226
experiment1,1,postDur1,High,743968,0.031358792364052764
experiment1,1,postDur1,Low,743968,-0.0030570010041796073
experiment1,1,postDur1,High,785063,0.029867842126029512
experiment1,1,postDur1,Low,785063,0.0596681566351093
experiment1,1,postDur1,High,785667,-0.06331408719238947
experiment1,1,postDur1,Low,785667,-0.041554736482834545
experiment1,1,postDur1,High,787955,0.020774413502843217
experiment1,1,postDur1,Low,787955,0.05080426962777593
experiment1,1,postDur1,High,803870,-0.03685313629452102
experiment1,1,postDur1,Low,803870,-0.011699813310042165
experiment1,1,postDur1,High,820531,0.05735294277325628
experiment1,1,postDur1,Low,820531,-0.029193697803892492
experiment1,1,postDur1,High,828098,-0.007214965591706729
experiment1,1,postDur1,Low,828098,0.031103694744695713
experiment1,1,postDur1,High,882052,0.05142817741537028
experiment1,1,postDur1,Low,882052,-0.1573575618166182
experiment1,1,postDur1,High,897347,-0.03872410382635088
experiment1,1,postDur1,Low,897347,0.05324444286741944
experiment1,1,postDur1,High,919598,-0.016844528273605212
experiment1,1,postDur1,Low,919598,0.08044781753801555
experiment1,1,postDur1,High,994851,-0.040600686102672374
experiment1,1,postDur1,Low,994851,-0.0499864048533906
experiment1,2,postDur2,High,026578,-0.035837184104753256
experiment1,2,postDur2,Low,026578,-0.12192171797619503
experiment1,2,postDur2,High,109550,0.023820449327911657
experiment1,2,postDur2,Low,109550,-0.013937926295508227
experiment1,2,postDur2,High,199724,-0.08116882665851642
experiment1,2,postDur2,Low,199724,-0.05263301170703704
experiment1,2,postDur2,High,241220,-0.04814866019242867
experiment1,2,postDur2,Low,241220,-0.11537595600153099
experiment1,2,postDur2,High,243787,0.03534867258569637
experiment1,2,postDur2,Low,243787,0.0397296654288925
experiment1,2,postDur2,High,312070,0.13439979680964748
experiment1,2,postDur2,Low,312070,-0.01619635502719341
experiment1,2,postDur2,High,328537,-0.026945731174962847
experiment1,2,postDur2,Low,328537,-0.07529231514088071
experiment1,2,postDur2,High,349889,0.017971793194522617
experiment1,2,postDur2,Low,349889,0.04087299376432891
experiment1,2,postDur2,High,384894,-0.06356345969532391
experiment1,2,postDur2,Low,384894,0.14162986405710382
experiment1,2,postDur2,High,658375,-0.03358805380113383
experiment1,2,postDur2,Low,658375,0.06842346678877406
experiment1,2,postDur2,High,730111,-0.04980347367854069
experiment1,2,postDur2,Low,730111,-0.04631962751496362
experiment1,2,postDur2,High,743968,0.005805592578210981
experiment1,2,postDur2,Low,743968,-0.029745892536747854
experiment1,2,postDur2,High,785063,-0.061392557789104275
experiment1,2,postDur2,Low,785063,0.04286077408981294
experiment1,2,postDur2,High,785667,0.05625128160352673
experiment1,2,postDur2,Low,785667,-0.09025054447123002
experiment1,2,postDur2,High,787955,0.017917757924509302
experiment1,2,postDur2,Low,787955,-0.04749303717698029
experiment1,2,postDur2,High,803870,-0.01052244834258435
experiment1,2,postDur2,Low,803870,0.1346264543559929
experiment1,2,postDur2,High,820531,0.05678027615545116
experiment1,2,postDur2,Low,820531,-0.04914928804441682
experiment1,2,postDur2,High,828098,0.06038123233691989
experiment1,2,postDur2,Low,828098,0.11374275450560176
experiment1,2,postDur2,High,882052,0.018071590901776634
experiment1,2,postDur2,Low,882052,0.022213378184312738
experiment1,2,postDur2,High,897347,0.08103523818412095
experiment1,2,postDur2,Low,897347,0.023564163233995433
experiment1,2,postDur2,High,919598,-0.018478755448950262
experiment1,2,postDur2,Low,919598,-0.06847884541249027
experiment1,2,postDur2,High,994851,0.054417612691682195
experiment1,2,postDur2,Low,994851,0.007612941716199029
experiment2,-3,preDur3back,Same,002046,0.06921428004753676
experiment2,-3,preDur3back,Switch,002046,-0.03043639286053061
experiment2,-3,preDur3back,Same,062573,-0.045146160479008046
experiment2,-3,preDur3back,Switch,062573,0.006596525851966936
experiment2,-3,preDur3back,Same,082622,0.024407625484956202
experiment2,-3,preDur3back,Switch,082622,0.032267483579897366
experiment2,-3,preDur3back,Same,118354,0.0667353388464014
experiment2,-3,preDur3back,Switch,118354,0.1325360825665538
experiment2,-3,preDur3back,Same,169207,0.046518948863604526
experiment2,-3,preDur3back,Switch,169207,-0.0029858590210511187
experiment2,-3,preDur3back,Same,183923,0.18427013700381173
experiment2,-3,preDur3back,Switch,183923,-0.0010859029451704694
experiment2,-3,preDur3back,Same,184189,-0.0858298887252068
experiment2,-3,preDur3back,Switch,184189,0.05719208839144412
experiment2,-3,preDur3back,Same,189058,0.0330112450907568
experiment2,-3,preDur3back,Switch,189058,0.032202850529622906
experiment2,-3,preDur3back,Same,194491,-0.03326407276011756
experiment2,-3,preDur3back,Switch,194491,-0.17639567437290826
experiment2,-3,preDur3back,Same,203316,0.00412003997270162
experiment2,-3,preDur3back,Switch,203316,0.044394674580951574
experiment2,-3,preDur3back,Same,298043,0.04026455767609814
experiment2,-3,preDur3back,Switch,298043,0.22712517474990193
experiment2,-3,preDur3back,Same,372056,0.04923215709995655
experiment2,-3,preDur3back,Switch,372056,-0.03553579630045069
experiment2,-3,preDur3back,Same,469417,-0.042468498380744575
experiment2,-3,preDur3back,Switch,469417,0.12559622438206014
experiment2,-3,preDur3back,Same,551900,0.03792708759096699
experiment2,-3,preDur3back,Switch,551900,-0.07921293057886614
experiment2,-3,preDur3back,Same,555268,0.03332413619398704
experiment2,-3,preDur3back,Switch,555268,-0.054576028461908364
experiment2,-3,preDur3back,Same,611856,-0.0002184890338943112
experiment2,-3,preDur3back,Switch,611856,0.027104515448212352
experiment2,-3,preDur3back,Same,624708,0.05477596436234258
experiment2,-3,preDur3back,Switch,624708,-0.07619190741879402
experiment2,-3,preDur3back,Same,742322,0.04128569849771201
experiment2,-3,preDur3back,Switch,742322,-0.04878694692889739
experiment2,-3,preDur3back,Same,753780,-0.13381791277176924
experiment2,-3,preDur3back,Switch,753780,0.01970004827650626
experiment2,-3,preDur3back,Same,815266,0.0606092399369092
experiment2,-3,preDur3back,Switch,815266,-0.07855578483734552
experiment2,-3,preDur3back,Same,885939,0.0383065779501371
experiment2,-3,preDur3back,Switch,885939,-0.056180832519712315
experiment2,-3,preDur3back,Same,898122,-0.2278210594758616
experiment2,-3,preDur3back,Switch,898122,0.0024893376178369347
experiment2,-2,preDur2back,Same,002046,0.033721275525363664
experiment2,-2,preDur2back,Switch,002046,0.05108493471133348
experiment2,-2,preDur2back,Same,062573,0.0867421724599322
experiment2,-2,preDur2back,Switch,062573,0.05569897189081559
experiment2,-2,preDur2back,Same,082622,0.09838546722791744
experiment2,-2,preDur2back,Switch,082622,0.14427375690607794
experiment2,-2,preDur2back,Same,118354,0.1463225121826538
experiment2,-2,preDur2back,Switch,118354,0.11089214802523284
experiment2,-2,preDur2back,Same,169207,-0.05016952932276297
experiment2,-2,preDur2back,Switch,169207,0.09536468794745653
experiment2,-2,preDur2back,Same,183923,0.07581835584684839
experiment2,-2,preDur2back,Switch,183923,0.0950049059547847
experiment2,-2,preDur2back,Same,184189,0.048792465805477137
experiment2,-2,preDur2back,Switch,184189,0.16247513345641304
experiment2,-2,preDur2back,Same,189058,0.08220415657788545
experiment2,-2,preDur2back,Switch,189058,0.028504240396075516
experiment2,-2,preDur2back,Same,194491,0.10161379675353438
experiment2,-2,preDur2back,Switch,194491,3.671247758950391e-05
experiment2,-2,preDur2back,Same,203316,0.0563780623051013
experiment2,-2,preDur2back,Switch,203316,0.06820850382033501
experiment2,-2,preDur2back,Same,298043,0.04901761045807043
experiment2,-2,preDur2back,Switch,298043,0.04819477352249812
experiment2,-2,preDur2back,Same,372056,0.12818791222729606
experiment2,-2,preDur2back,Switch,372056,0.16207508613835128
experiment2,-2,preDur2back,Same,469417,0.1411449874845342
experiment2,-2,preDur2back,Switch,469417,0.011786172847029422
experiment2,-2,preDur2back,Same,551900,0.04816773724994742
experiment2,-2,preDur2back,Switch,551900,-0.007462303264403387
experiment2,-2,preDur2back,Same,555268,0.053942915091636
experiment2,-2,preDur2back,Switch,555268,0.13489080499523648
experiment2,-2,preDur2back,Same,611856,0.05125658962362003
experiment2,-2,preDur2back,Switch,611856,-0.018066693565196027
experiment2,-2,preDur2back,Same,624708,0.026570310095577122
experiment2,-2,preDur2back,Switch,624708,0.09181578197000081
experiment2,-2,preDur2back,Same,742322,0.05343174177278737
experiment2,-2,preDur2back,Switch,742322,0.04461693425091476
experiment2,-2,preDur2back,Same,753780,0.11158538017043677
experiment2,-2,preDur2back,Switch,753780,0.08083733001292687
experiment2,-2,preDur2back,Same,815266,0.15167678454837955
experiment2,-2,preDur2back,Switch,815266,0.020303479342692537
experiment2,-2,preDur2back,Same,885939,-0.04453989291411429
experiment2,-2,preDur2back,Switch,885939,0.1474607696823784
experiment2,-2,preDur2back,Same,898122,0.017133586913387212
experiment2,-2,preDur2back,Switch,898122,0.09035234565808212
experiment2,-1,preDur1back,Same,002046,0.08563536081685177
experiment2,-1,preDur1back,Switch,002046,-1.9514552353588205e-05
experiment2,-1,preDur1back,Same,062573,0.11960664630197862
experiment2,-1,preDur1back,Switch,062573,0.10638383865008118
experiment2,-1,preDur1back,Same,082622,0.09657846732884225
experiment2,-1,preDur1back,Switch,082622,0.0750094060114501
experiment2,-1,preDur1back,Same,118354,0.11031203536734374
experiment2,-1,preDur1back,Switch,118354,0.028535384862107317
experiment2,-1,preDur1back,Same,169207,0.12085334572185735
experiment2,-1,preDur1back,Switch,169207,0.04812780068419269
experiment2,-1,preDur1back,Same,183923,0.02129903648218885
experiment2,-1,preDur1back,Switch,183923,0.026214678545997763
experiment2,-1,preDur1back,Same,184189,0.1894854444285226
experiment2,-1,preDur1back,Switch,184189,0.13664855363905531
experiment2,-1,preDur1back,Same,189058,0.20455703441671544
experiment2,-1,preDur1back,Switch,189058,0.18592423887731488
experiment2,-1,preDur1back,Same,194491,0.06362753618501629
experiment2,-1,preDur1back,Switch,194491,0.14006649936965404
experiment2,-1,preDur1back,Same,203316,0.0816141718556237
experiment2,-1,preDur1back,Switch,203316,0.029484699974317973
experiment2,-1,preDur1back,Same,298043,0.05368883197077334
experiment2,-1,preDur1back,Switch,298043,0.03793103062202138
experiment2,-1,preDur1back,Same,372056,0.21614479248419302
experiment2,-1,preDur1back,Switch,372056,0.2071500774925571
experiment2,-1,preDur1back,Same,469417,0.1771968624865898
experiment2,-1,preDur1back,Switch,469417,0.13612634324916079
experiment2,-1,preDur1back,Same,551900,0.07240567451063386
experiment2,-1,preDur1back,Switch,551900,0.0633995057298902
experiment2,-1,preDur1back,Same,555268,0.08113700449775592
experiment2,-1,preDur1back,Switch,555268,0.10588704181800596
experiment2,-1,preDur1back,Same,611856,0.10923044905364501
experiment2,-1,preDur1back,Switch,611856,-0.00958648503782996
experiment2,-1,preDur1back,Same,624708,0.24756234182554404
experiment2,-1,preDur1back,Switch,624708,0.11821247081648302
experiment2,-1,preDur1back,Same,742322,0.155313384633787
experiment2,-1,preDur1back,Switch,742322,0.13245362513807288
experiment2,-1,preDur1back,Same,753780,-0.029162936086686783
experiment2,-1,preDur1back,Switch,753780,0.040374652439760114
experiment2,-1,preDur1back,Same,815266,0.05982459963083941
experiment2,-1,preDur1back,Switch,815266,0.08480723912747243
experiment2,-1,preDur1back,Same,885939,0.17270928042912967
experiment2,-1,preDur1back,Switch,885939,0.2203075982568427
experiment2,-1,preDur1back,Same,898122,-0.036597173481198814
experiment2,-1,preDur1back,Switch,898122,-0.154162530291954
experiment2,1,postDur1,Same,002046,0.09729752587082263
experiment2,1,postDur1,Switch,002046,-0.06387259196527759
experiment2,1,postDur1,Same,062573,-0.032526219090213415
experiment2,1,postDur1,Switch,062573,-0.04896287851859378
experiment2,1,postDur1,Same,082622,0.007590720845114596
experiment2,1,postDur1,Switch,082622,-0.00010931736121358664
experiment2,1,postDur1,Same,118354,-0.13375311629884495
experiment2,1,postDur1,Switch,118354,-0.21764042003740922
experiment2,1,postDur1,Same,169207,0.061380433395975986
experiment2,1,postDur1,Switch,169207,-0.0450027119077012
experiment2,1,postDur1,Same,183923,0.05676089351976233
experiment2,1,postDur1,Switch,183923,-0.0033696690968052978
experiment2,1,postDur1,Same,184189,-0.09473866589218519
experiment2,1,postDur1,Switch,184189,0.0025466704643710564
experiment2,1,postDur1,Same,189058,0.13732925096365176
experiment2,1,postDur1,Switch,189058,-0.039844406445090456
experiment2,1,postDur1,Same,194491,0.1512171899285045
experiment2,1,postDur1,Switch,194491,0.09089259088463675
experiment2,1,postDur1,Same,203316,-0.02582830584235672
experiment2,1,postDur1,Switch,203316,-0.005062192363296157
experiment2,1,postDur1,Same,298043,-0.042147113692646884
experiment2,1,postDur1,Switch,298043,-0.09622300683956216
experiment2,1,postDur1,Same,372056,-0.2039126325925235
experiment2,1,postDur1,Switch,372056,0.14175703677867668
experiment2,1,postDur1,Same,469417,0.2278385385271533
experiment2,1,postDur1,Switch,469417,0.05968904794512049
experiment2,1,postDur1,Same,551900,-0.009318454289378518
experiment2,1,postDur1,Switch,551900,-0.03286477385609888
experiment2,1,postDur1,Same,555268,-0.031263835960505734
experiment2,1,postDur1,Switch,555268,-0.14347823442945282
experiment2,1,postDur1,Same,611856,-0.04837229690247841
experiment2,1,postDur1,Switch,611856,-0.005447216550925312
experiment2,1,postDur1,Same,624708,0.024986294954309398
experiment2,1,postDur1,Switch,624708,0.0747910520106827
experiment2,1,postDur1,Same,742322,-0.07645212055846445
experiment2,1,postDur1,Switch,742322,0.018067458450928258
experiment2,1,postDur1,Same,753780,0.1451701113777421
experiment2,1,postDur1,Switch,753780,0.011634781103659064
experiment2,1,postDur1,Same,815266,0.017231797592467537
experiment2,1,postDur1,Switch,815266,-0.08310439745513691
experiment2,1,postDur1,Same,885939,-0.034307291736730916
experiment2,1,postDur1,Switch,885939,0.10937340874504485
experiment2,1,postDur1,Same,898122,0.16892224741794915
experiment2,1,postDur1,Switch,898122,-0.07021327864649712
experiment2,2,postDur2,Same,002046,-0.04471574928548666
experiment2,2,postDur2,Switch,002046,-0.031170370356382565
experiment2,2,postDur2,Same,062573,-0.0094588404611773
experiment2,2,postDur2,Switch,062573,0.008374172660386795
experiment2,2,postDur2,Same,082622,-0.025358875319734228
experiment2,2,postDur2,Switch,082622,-0.01898460791666284
experiment2,2,postDur2,Same,118354,0.006191193193935407
experiment2,2,postDur2,Switch,118354,0.030019061589622767
experiment2,2,postDur2,Same,169207,-0.02817099624599418
experiment2,2,postDur2,Switch,169207,-0.0867290190394939
experiment2,2,postDur2,Same,183923,0.10409795854191448
experiment2,2,postDur2,Switch,183923,0.07824480465946143
experiment2,2,postDur2,Same,184189,-0.0031168957471008714
experiment2,2,postDur2,Switch,184189,-0.015669629581395957
experiment2,2,postDur2,Same,189058,0.13995251454403157
experiment2,2,postDur2,Switch,189058,0.08412296767674202
experiment2,2,postDur2,Same,194491,-0.07846426504072146
experiment2,2,postDur2,Switch,194491,-0.16535768748900134
experiment2,2,postDur2,Same,203316,-0.030061597457098996
experiment2,2,postDur2,Switch,203316,0.0038894704576190736
experiment2,2,postDur2,Same,298043,-0.06651064799540386
experiment2,2,postDur2,Switch,298043,0.039936538043030864
experiment2,2,postDur2,Same,372056,-0.0013382682986811043
experiment2,2,postDur2,Switch,372056,-0.024439011110410018
experiment2,2,postDur2,Same,469417,0.16340892355346298
experiment2,2,postDur2,Switch,469417,-0.05954153047462779
experiment2,2,postDur2,Same,551900,0.06346072825792795
experiment2,2,postDur2,Switch,551900,0.021038612747361952
experiment2,2,postDur2,Same,555268,-0.09742163095768773
experiment2,2,postDur2,Switch,555268,0.08178656895625486
experiment2,2,postDur2,Same,611856,0.039294983843246825
experiment2,2,postDur2,Switch,611856,-0.06441948564737912
experiment2,2,postDur2,Same,624708,-0.08525271260692413
experiment2,2,postDur2,Switch,624708,0.05338277102745084
experiment2,2,postDur2,Same,742322,0.03885245489975493
experiment2,2,postDur2,Switch,742322,-0.08106129716007829
experiment2,2,postDur2,Same,753780,0.1478143673597468
experiment2,2,postDur2,Switch,753780,-0.023561790879250765
experiment2,2,postDur2,Same,815266,-0.052594279203122166
experiment2,2,postDur2,Switch,815266,-0.04072302504928822
experiment2,2,postDur2,Same,885939,-0.0914205716407019
experiment2,2,postDur2,Switch,885939,0.03516210562583061
experiment2,2,postDur2,Same,898122,-0.13659171466330516
experiment2,2,postDur2,Switch,898122,-0.1386782206775365
